id,name,avatar_url,headline,url,url_token
0970f947b898ecc0ec035f9126dd4e08,vczh,https://pic1.zhimg.com/v2-1bea18837914ab5a40537d515ed3219c_is.jpg,专业造轮子，拉黑抢前排。gaclib.net,https://www.zhihu.com/people/excited-vczh,excited-vczh
4a36650e8eaf223b3009ce44c5fda719,思凡,https://pic1.zhimg.com/v2-675b757918613fc604c6a8056c8c3eca_is.jpg,健身/治愈系萨摩/甜品店板娘/simple life,https://www.zhihu.com/people/xie-sha-81,xie-sha-81
97ee3169f6d19735fb43c9ec039750c5,一只哈哈,https://pic4.zhimg.com/v2-d4bdc6df4ae521a2989eab48aaca9078_is.jpg,无,https://www.zhihu.com/people/ha-ha-61-28-30,ha-ha-61-28-30
b407221cc6ee87d28e189de0d112f75b,乐拉Lela,https://pic1.zhimg.com/v2-25b2f3e782aac1250b6d6c47c31d45ab_is.jpg,90后/新媒体运营一枚/加班狗,https://www.zhihu.com/people/lelaaa,lelaaa
d3207a7746afbd84017ea6b05b2f1be3,斌卡,https://pic3.zhimg.com/0a47432f4ef552ceaf1da5a9fe11a443_is.jpg,健身蝌普作家,https://www.zhihu.com/people/binka,binka
38b262d006a33721bc095eea0719abe2,曹丰泽,https://pic4.zhimg.com/v2-9bbea0a4b73dd2c701dc82ab86f21843_is.jpg,其命维新,https://www.zhihu.com/people/cao-feng-ze-37,cao-feng-ze-37
62599cea0f24c16a50d66b713780be8b,张疤拉叫牧之,https://pic3.zhimg.com/v2-823a0d2ddc9c4fead9c764d910a25a84_is.jpg,盐值＝闲值/大佬读作jiāng jūn,https://www.zhihu.com/people/kala-38-66,kala-38-66
d2c3c76014cbc3b31c9bbe6e907fe14b,ranrana,https://pic1.zhimg.com/v2-673ad4bc27fd7b843acdcec1b962e414_is.jpg,wb：冉冉L,https://www.zhihu.com/people/ranrana,ranrana
1981954449508f8770123a3c346998ef,家里蹲,https://pic2.zhimg.com/v2-ecb4cc99993192d18a25798e16409821_is.jpg,,https://www.zhihu.com/people/li-zhi-wei-25-4,li-zhi-wei-25-4
d4934418761f6416803becfc36da29a0,颜利智,https://pic1.zhimg.com/v2-215a4a4c83ac0b69303d3e3dce0b356c_is.jpg,我这么美 可要好好读书啊！,https://www.zhihu.com/people/chenhsuan,chenhsuan
4530ff515282ec4c50155426ae883413,阿琪儿,https://pic4.zhimg.com/v2-1b26e04aad975481f8bdb5ca5d74bd3d_is.jpg,我不管我要做三桥的女人,https://www.zhihu.com/people/xiao-tang-yi-xin-tashzb,xiao-tang-yi-xin-tashzb
4de6987c39e96d7c8d7c4f40e3751d50,6蒙m,https://pic2.zhimg.com/v2-d0b1c29673fdb8a941a66403630ef363_is.jpg,办法总比困难多,https://www.zhihu.com/people/6meng-m,6meng-m
1ccc384ec36d60d494735246f1c5be9f,主角光环你有吗,https://pic3.zhimg.com/v2-6d04a1f8252f94ecd619fa2046cf2313_is.jpg,自恋狂/性别平权/音乐控,https://www.zhihu.com/people/mu-yi-84-55-86,mu-yi-84-55-86
1730bdcda14fcf57e8cbb0dfd787231b,lizes,https://pic1.zhimg.com/v2-c8a92e17e7285e684e555ae7b415c041_is.jpg,学生,https://www.zhihu.com/people/lizes-62,lizes-62
9c4ce1971fe09ef74235ddf45d6a6d6c,我全世界最酷辽,https://pic3.zhimg.com/v2-e88baba8a1c8a146fd3c2733dd86e139_is.jpg,学生,https://www.zhihu.com/people/mu-bi-bai-nu-ting,mu-bi-bai-nu-ting
10f70b9153d786dda49ea0fe5501115e,少女李,https://pic1.zhimg.com/v2-4f9c19179f87cdbdd9c99268cdf477a3_is.jpg,微博:甜甜的小李呀,https://www.zhihu.com/people/li-li-27-42-91,li-li-27-42-91
6a6b34ff6ef92538eae6da0cc654937b,菁菁睡不醒,https://pic2.zhimg.com/v2-75da92705288a7f8c6724b7592a64c2f_is.jpg,宝矿力女孩 株式不顺会社 颜控,https://www.zhihu.com/people/xiao-yiduo-wei-85,xiao-yiduo-wei-85
33e1788147be3a3e9f7f9d0234493e3d,努力我要努力,https://pic4.zhimg.com/c20c6dcbc194c5fee3866ee7e76f96df_is.jpg,,https://www.zhihu.com/people/liang-liao-yizuo-kong-cheng,liang-liao-yizuo-kong-cheng
d2fe006cf62ce4a550a92a948ed0fbe5,北极星,https://pic3.zhimg.com/v2-f1fedc1a2513c50e92fd6206464609fd_is.jpg,……,https://www.zhihu.com/people/bei-ji-xing-28-16,bei-ji-xing-28-16
aec2af8e75d6fecf0e8fb9a1feaa2cd0,自由侠Vae,https://pic4.zhimg.com/v2-cc3bf946be7c391cda400d0c6c0bd7c9_is.jpg,,https://www.zhihu.com/people/zi-you-xia-vae,zi-you-xia-vae
d890fe731714f3217022c825f4c1b62f,llllxt,https://pic4.zhimg.com/v2-5814cb5e80e8b06c562b9ac56f11f748_is.jpg,,https://www.zhihu.com/people/llllxt-14,llllxt-14
5a53093919022a100af537c21f78d70f,吾浮休,https://pic3.zhimg.com/v2-a208fe0c17ff7d179550ef9545c85a24_is.jpg,,https://www.zhihu.com/people/wu-fu-xiu-41,wu-fu-xiu-41
6dc425bedb141f2f1b79a587bfe9a400,自嘲自讽自逍遥,https://pic2.zhimg.com/v2-200d3eaf919032010214b39ddb520828_is.jpg,谈笑无鸿儒，往来皆白丁。,https://www.zhihu.com/people/wang-chen-71-23,wang-chen-71-23
be14178c80d8c07fea1fe67dac32bf52,糯米糖糖,https://pic2.zhimg.com/v2-6b75c5148f6fa0892e7413551ff687f0_is.jpg,,https://www.zhihu.com/people/nuo-mi-tang-tang-37,nuo-mi-tang-tang-37
a517866cf2c4bda284489358b9ddc7fa,平凡,https://pic4.zhimg.com/v2-b89c956f4e5937f420480f5c16fee8d3_is.jpg,,https://www.zhihu.com/people/ping-fan-5-33-28,ping-fan-5-33-28
62b96f51636448334c08bdf6d9fc5a45,辰笑儿,https://pic3.zhimg.com/v2-fcdbd556f52ce9d105d34eb327a0e5d7_is.jpg,猪头肉得配酒,https://www.zhihu.com/people/chen-xiao-er-8-9,chen-xiao-er-8-9
16b2d084bda48ed9d041981de3ee7753,冯十八,https://pic4.zhimg.com/v2-0df5f368a748e9440edb913d2d095727_is.jpg,香烟 牛仔裤 靴子 白T恤,https://www.zhihu.com/people/zhang-yi-da-24-23,zhang-yi-da-24-23
ddb693d46cab066c345ed2f695e780e9,冷爱,https://pic2.zhimg.com/v2-75cccd38168a89803fe630a1b05a10d5_is.jpg,如果她涉世未深，就带她看遍世间繁华；如果她历尽沧桑，请带她坐上十次木马。欢迎私信,https://www.zhihu.com/people/coldloving,coldloving
5bd13deecbef6c798c45c7777297604f,cOMMANDO,https://pic4.zhimg.com/2cacc4d6d_is.jpg,比上一个冬天好一些的冬天,https://www.zhihu.com/people/commando,commando
eb548eb22d5d7db7f4349ae03d8a61cc,刘帅,https://pic1.zhimg.com/v2-f2883b9c3d048d0bfcdf244630526190_is.jpg,那些快乐总有一天会被想起，再化作悲伤在快乐中忘记。,https://www.zhihu.com/people/liu-shuai-84-54,liu-shuai-84-54
5f33ef832172f703f4434ca4e2b7a0b4,狂丸科学,https://pic4.zhimg.com/v2-cba887679509294b7b929970e9038056_is.jpg,微信公众号：狂丸科学，获取科学学习资源,https://www.zhihu.com/people/kuang-wan-35-41,kuang-wan-35-41
b61d7d425cade380882c374069b6aff4,李桁川,https://pic4.zhimg.com/v2-e5752cec6dc59985a68fa968dbe869c7_is.jpg,中文狗  大三,https://www.zhihu.com/people/yu-jia-yuan-56,yu-jia-yuan-56
7d6d74dc24e7977c6d979bf0d97c3e25,孙悦礼,https://pic4.zhimg.com/v2-519f2c5ce15df7ab703b73197f8c1f7e_is.jpg,骨科医生 | 生物医学工程 | 临床转化 | 手绘科普,https://www.zhihu.com/people/yue-li.sun,yue-li.sun
120bb7c934af4aaf332132a7dc5f264e,Damon DanceForMe,https://pic4.zhimg.com/v2-cb32b947ea51ff9eeaf9cc5a8016e565_is.jpg,完事后拉姆斯大人要割掉你的嘴唇,https://www.zhihu.com/people/damon-dance-for-me,damon-dance-for-me
de42c7df4a64750e5297488b0ff0f22b,猎奇症候群,https://pic3.zhimg.com/v2-d492e914bcd184a746311e9fd2b91de6_is.jpg,"爱好猎奇事的中年大叔,公众号：猎奇症候群",https://www.zhihu.com/people/LiqiKuma,LiqiKuma
e267109d00d9f43104990746d06fd392,张悦,https://pic1.zhimg.com/v2-53c4c97713346709d26ee175843fe001_is.jpg,女校生／十八线写手／志向在宇宙边界,https://www.zhihu.com/people/zhang-yue-46-27,zhang-yue-46-27
d76b58bf487c9b3ce8f973d23bc23bcf,王大璐,https://pic4.zhimg.com/v2-8eded17594f0fdf7fe53eaa1bca2cf98_is.jpg,健身/communication/摄影/abfan,https://www.zhihu.com/people/wang-da-da-1997-0703,wang-da-da-1997-0703
253025b5e8315b978aac55f5de07879d,田小淮,https://pic3.zhimg.com/v2-03c1ee882bd99674560cf3ddf6171d5d_is.jpg,温暖而不燥热，有棱角而不尖锐。,https://www.zhihu.com/people/tian-xiao-luo-82,tian-xiao-luo-82
fdf39532883a73e7d2d09b485588d7c7,到处挖坑蒋玉成,https://pic3.zhimg.com/v2-e581a90d1fb0a24251ed8b29111f2682_is.jpg,中关村老实人,https://www.zhihu.com/people/CommanderYCJiangS117,CommanderYCJiangS117
d7064079ab6a99364bece268045aa00d,Lens,https://pic1.zhimg.com/67dc209d4e00b276437d1e2816b4786a_is.jpg,即使是一道最微弱的光，我们也要把它洒向需要温暖的生活…,https://www.zhihu.com/people/lens-27,lens-27
52e5d162ad14a515e65140b61f282fba,硅谷密探,https://pic2.zhimg.com/fb7b60eb9ca490e005b6c96ed1cdda4e_is.jpg,探秘全球科技精华|公众号guigudiyixian,https://www.zhihu.com/people/gui-gu-mi-tan,gui-gu-mi-tan
096f33c847536b508eff8f60e4434441,李元鹤,https://pic2.zhimg.com/049115a5d_is.jpg,爱飞机，写两句程序，北大有机搬砖工~~,https://www.zhihu.com/people/li-yuan-he-82,li-yuan-he-82
6efb8cea38edcc2006a0d21de1dec655,树林同学,https://pic2.zhimg.com/v2-b6399a928ab53199307c760a4d9cd312_is.jpg,正在编教材的树林,https://www.zhihu.com/people/she-chuan-60-14,she-chuan-60-14
380c0403b155da1bcc78dff860a81248,黄燕婷,https://pic3.zhimg.com/v2-ef738efd0ce9d3200f77eaabdb7e202a_is.jpg,清华五金,https://www.zhihu.com/people/huang-yan-ting-2-54,huang-yan-ting-2-54
55ff26531a113fd0e48dd0a0f0488f1f,白诗诗,https://pic4.zhimg.com/v2-f50f0c9d6b74e55aef3b56ab43ac96a1_is.jpg,不穿内裤满一年！庆祝！！！,https://www.zhihu.com/people/bai-shi-gang,bai-shi-gang
9ae349bd45449af09ef8c0840f7c3fb9,幻夜梦屿,https://pic4.zhimg.com/v2-02b30a9c934a1eb6fb3ea8c12ba4f4de_is.jpg,公众号 学渣自救小分队  微博 幻夜梦屿,https://www.zhihu.com/people/yosoro-68,yosoro-68
87a3b6e08f65f7edaa1ad76f5611bc1c,呵呵,https://pic2.zhimg.com/fff4b2d9ffee1746ce7d1a726eb33dcb_is.jpg,公众号：“呵呵的小书屋”，谈谈经济金融，聊聊过去未来,https://www.zhihu.com/people/he-he-89-32-63,he-he-89-32-63
f3260f05df264ee916da258e1384e247,京师心理大学堂,https://pic4.zhimg.com/v2-6efac062d385f2bbc70faedb52b2c531_is.jpg,打造最优质的心理科普平台,https://www.zhihu.com/people/jing-shi-xin-li-da-xue-tang,jing-shi-xin-li-da-xue-tang
281e4747b1092fb3648be9510531d082,第一财经周刊,https://pic4.zhimg.com/v2-6ee62c9208490fb502b4ffefef7d6943_is.jpg,商业，有点儿意思,https://www.zhihu.com/people/di-yicai-jing-zhou-kan-20,di-yicai-jing-zhou-kan-20
d201cd60c3acd22d51e22e67fa442100,轻重健身谢奕炜,https://pic3.zhimg.com/v2-b9a7d90bb92ab538570d6da6a023c0b2_is.jpg,轻重健身001号员工 微xyw44332211,https://www.zhihu.com/people/xie-yi-wei-57,xie-yi-wei-57
02217d9268e061f946b929043490b17b,张小放,https://pic2.zhimg.com/a32eda537_is.jpg,现在你们知道的张小放是个姑娘。,https://www.zhihu.com/people/zhang-xiao-fang-52,zhang-xiao-fang-52
5f567106e9918b499ca59c51f096a110,UOG,https://pic3.zhimg.com/v2-a27bedbebc47fffd28321eb3250bb0bc_is.jpg,不打游戏单纯LOLer，不是二刺螈，只喜欢看动漫,https://www.zhihu.com/people/uog-87,uog-87
58ed3df3874344f0ac86ad5a6c3f14c7,冰枫夜落,https://pic4.zhimg.com/85ce10fca1776a3d53fec2ec56b7456f_is.jpg,苦逼人生，已婚，勿约，INTP,https://www.zhihu.com/people/bing-feng-ye-luo,bing-feng-ye-luo
6da09b96ed9caf01d63e863f867ba342,李逾求,https://pic1.zhimg.com/d3a2453b50372cb1377b73aeabce4069_is.jpg,武侠公众号：黑江湖（heijianghu121）。 微博@李逾求。东宋世界创造者,https://www.zhihu.com/people/li-yu-qiu-46-54,li-yu-qiu-46-54
04958613c202a236794f44b636749a94,Murad,https://pic4.zhimg.com/9a207c144a9938b499beffd7df9d4ff2_is.jpg,自由职业,https://www.zhihu.com/people/murad-42,murad-42
595e8a9d037a97e9e17466ec174dda6d,CaptainGuan,https://pic4.zhimg.com/v2-ca8383f4663c5c3db50b4e36526aaabf_is.jpg,,https://www.zhihu.com/people/guan-huai-10-2,guan-huai-10-2
bd82ddabd837505f49d031ed61191f86,Jasmine松茸,https://pic2.zhimg.com/v2-eb7f17a9c212a41816bbc75a06eea7ba_is.jpg,以迷路见长,https://www.zhihu.com/people/jasminezou,jasminezou
1123e43704217a08fe1c24ceccbc527b,章彦博,https://pic3.zhimg.com/v2-3d1fff2e28f25b8b0885eb1a65d4d3c7_is.jpg,云行雨施，品物流形,https://www.zhihu.com/people/excited-zyb,excited-zyb
60cd9664ef2f13d8d5ddba060ef35a8a,灵剑,https://pic4.zhimg.com/fb3c5da43_is.jpg,微博一般不上 http://weibo.com/hubo1016,https://www.zhihu.com/people/ling-jian-94,ling-jian-94
9198e5ff383206521e96cd670eb2d3f9,悟冥,https://pic3.zhimg.com/v2-d67bbc8d0114ed73370ac9fcfd602571_is.jpg,真的不知从何开始介绍？？,https://www.zhihu.com/people/a-er-fa-15,a-er-fa-15
a8f3943b402ad3ed74bcf9d7c4a5e8a2,小铖,https://pic4.zhimg.com/v2-86af07a1caab0d90a027569cb115d474_is.jpg,蔷薇无缘由，花开即花开。,https://www.zhihu.com/people/xiaocheng-smalltown,xiaocheng-smalltown
20380e406d1daffb302c9f9018ae503a,菲利普医生,https://pic4.zhimg.com/v2-113684736f16bedff582ee538536109b_is.jpg,外科/射箭/185/尺八/笛子/猫奴,https://www.zhihu.com/people/fu-shi-bo,fu-shi-bo
454b5621d647fec4df48ff6f69c36657,Tianchen Peng,https://pic2.zhimg.com/f0f7cfea85f83b4616ee7b13794c0c22_is.jpg,计算机、戏剧、法语,https://www.zhihu.com/people/tianchen-peng,tianchen-peng
ba1b8015f6d31317736c558b60e06984,贤良淑仁王波切,https://pic4.zhimg.com/da8e974dc_is.jpg,闻过则喜,https://www.zhihu.com/people/bloflovesky-noam,bloflovesky-noam
97ca26cc39c85f8e4a4c2c15825122a5,愚者,https://pic3.zhimg.com/v2-d10879ad7c1656eb9deb74c611ccf0a8_is.jpg,我永远喜欢久远寺有珠。方法论：马哲，系统论。,https://www.zhihu.com/people/gaia-agul,gaia-agul
74f43cbc5aa35dfa20a2f10a117d39ac,松平信纲,https://pic2.zhimg.com/v2-24d9f39ba58ad01fe34e37264dc7bb5d_is.jpg,在下松平信纲，钢骨正气的纲,https://www.zhihu.com/people/zhijiangchuan,zhijiangchuan
93a65526b98159064d5c8155de1e72c1,风险偏好者,https://pic2.zhimg.com/v2-bb22550315fc9c913ea62761500c691d_is.jpg,人工智能高级产品经理,https://www.zhihu.com/people/young-oscar,young-oscar
e9cea6cf75a1c529d3bb4934e5518072,小萱子大妹儿,https://pic3.zhimg.com/v2-d670071663c529a73a51dd30f273f277_is.jpg,减肥其实超简单/女孩儿心事,https://www.zhihu.com/people/wang-jing-xuan-71-52,wang-jing-xuan-71-52
1e897eef686afb2805ab508122ef71e5,蛋蛋姐,https://pic4.zhimg.com/v2-29b27378d0b893f91c7e3fc2f133c96d_is.jpg,人生理想是嫁给飞控工程师,https://www.zhihu.com/people/dandanjie,dandanjie
483f466213ef90f62868c3048a0216ca,藏在暗处的X先生,https://pic4.zhimg.com/v2-3d464f12513a153f799611c287a1ffdb_is.jpg,某匿名人士的小号,https://www.zhihu.com/people/wang-hui-69-93-93,wang-hui-69-93-93
66103c2f4dde4e45f2871217e2e16f01,花总丢了金箍棒,https://pic1.zhimg.com/ef1fb11ba3b5b4f2d3ee19b4d5dff1ca_is.jpg,诺贝尔卖m奖得主,https://www.zhihu.com/people/huazong,huazong
66f2869cc3b188eeeb61e48c3b60bd24,VOSTOK 6,https://pic2.zhimg.com/v2-14d1e1283cbf9f93b3eb3e087f31f488_is.jpg,氢能/粉体DEM仿真,https://www.zhihu.com/people/wu-chan-guang-hui,wu-chan-guang-hui
7262952144714ec88d11428b69b18bd6,王小川,https://pic2.zhimg.com/c3307a743d7e15a59d2ebdaa2e9d3d94_is.jpg,,https://www.zhihu.com/people/wang-xiao-chuan,wang-xiao-chuan
043ff01e5d03c529c268d50f388012c2,李开复,https://pic1.zhimg.com/v2-39371c20333081cf7220f12d522cab7d_is.jpg,,https://www.zhihu.com/people/kaifulee,kaifulee
6062a5767fab085ea447588bb8f2e558,新一酱,https://pic2.zhimg.com/c4749806dad3fff25ea5badce24dc034_is.jpg,数据发掘城市未来,https://www.zhihu.com/people/therisinglab,therisinglab
59d41f04964870e9a874783d64373d68,李申申,https://pic2.zhimg.com/e14d48805_is.jpg,知乎 002 号员工,https://www.zhihu.com/people/shen,shen
2cf9ccbc6c121bc731317ff538049d65,历史是什么,https://pic1.zhimg.com/v2-8795960e72398278ac90871ba7b4390d_is.jpg,公众号：OhHistory。如实的说明历史，寻找过去的意义！,https://www.zhihu.com/people/lshshshm,lshshshm
e87384131a94c7fabcea9bef8a7cd634,EvinaSong,https://pic4.zhimg.com/v2-db1c6fff710d139c98f28d2a3458655a_is.jpg,Weibo/小红书: EvinaSong,https://www.zhihu.com/people/yifeisong,yifeisong
f8a85213cc6c96e621ecd785e964aba9,林佳辰,https://pic1.zhimg.com/v2-d26386f7d18b0a7fbd3b73df11a2a9cc_is.jpg,学生,https://www.zhihu.com/people/xie-tian-chen-79,xie-tian-chen-79
f81a0368b8cf4360f552e9406b060838,廖子逸,https://pic1.zhimg.com/9ba56fee4_is.jpg,,https://www.zhihu.com/people/liao-zi-yi-73,liao-zi-yi-73
9fedd63cfb0b861f72148f908d643196,偶尔靠谱Naomi,https://pic1.zhimg.com/v2-9f1fedb69303a7280891d9f66ac90a82_is.jpg,,https://www.zhihu.com/people/ou-er-kao-pu-naomi,ou-er-kao-pu-naomi
33c10fe1d2a43577875f3f0fa8fa9d00,信女,https://pic4.zhimg.com/v2-be45410c6814bd241b9b305f99efb4c5_is.jpg,我要傍你身，方能得你心。,https://www.zhihu.com/people/fan-fan-20-83-76,fan-fan-20-83-76
4b88e64ddbca110dbf4d5828f6a78056,还是我周嘟嘟,https://pic3.zhimg.com/v2-d9c8c48002b0275655cba2cded680773_is.jpg,又皮又怂。,https://www.zhihu.com/people/zhou-du-du-90-60,zhou-du-du-90-60
10b930efe5d361b138a32747ed7df5ea,李妙文-赵可心,https://pic2.zhimg.com/v2-e2398e52714e5cfe8a5eaa95a86f9f90_is.jpg,华中科技大学女博士研究生，微信公号-六角亭体工队-特约作者。,https://www.zhihu.com/people/li-miao-wen-27,li-miao-wen-27
b79fc7b6fbf063ba9edcff91eef71baf,Simon阿文,https://pic2.zhimg.com/51b03aeef_is.jpg,一线PPT技师，很色。公众号：我懂个P,https://www.zhihu.com/people/simona-wen,simona-wen
f9de84865e3e8455a09af78bfe4d1da5,张佳玮,https://pic2.zhimg.com/v2-d626957872f9b38fa594394db2d2e6e7_is.jpg,公众号：张佳玮写字的地方,https://www.zhihu.com/people/zhang-jia-wei,zhang-jia-wei
785f160dcf73f061bc5bdc089a9384f4,碗丸,https://pic3.zhimg.com/6165e6741d3d7e35c3275cb7246b911d_is.jpg,公众号：碗丸食事（个人），日料栈（日料）,https://www.zhihu.com/people/wan-cuisine,wan-cuisine
14da08d5c964059350a6db9b4db22365,狐狸先生,https://pic4.zhimg.com/e49307866_is.jpg,研究天文学的狐狸,https://www.zhihu.com/people/mrfoxlr,mrfoxlr
bdfc153f46480804580d17cdf82071c7,Luna Li,https://pic4.zhimg.com/v2-9f364d6895815fca1b83c8717511db41_is.jpg,新书《只有寻找和遇见》 | Lonely Planet作者| 自驾环游亚欧| 公众号：2Lunatics,https://www.zhihu.com/people/luna-li-71,luna-li-71
881734393c3503a2e386512b08a1900e,插坐学院,https://pic4.zhimg.com/v2-0fd22ba6c1042a1c0554ae1fc63f5fea_is.jpg,做中国职业成长服务第一品牌,https://www.zhihu.com/people/cha-zuo-xue-yuan,cha-zuo-xue-yuan
58a7556345ca0d391cd26319afcfe09b,夜溟,https://pic3.zhimg.com/v2-08e51f5abcaf98c2051c7bca05417b6c_is.jpg,等这颗枯木生花，我就摘下来送你。,https://www.zhihu.com/people/ye-ming-l7,ye-ming-l7
a46ffe315ac5c92a61f953832bd3aa10,乌鸦校尉,https://pic3.zhimg.com/v2-d7c4259577015f4e80e61a515c614da7_is.jpg,北航研究生，热衷研究中国工业和军事发展，人称“北航奥观海”。,https://www.zhihu.com/people/wu-ya-shang-wei-84,wu-ya-shang-wei-84
97e5bfef81d36d98d6c80141407ed7db,西门摘摘,https://pic2.zhimg.com/v2-915596352dfbceac25dd69713352ee3e_is.jpg,微信公众号:摘车计,https://www.zhihu.com/people/xi-men-zhai-zhai-92,xi-men-zhai-zhai-92
885864cd2ba3fb91eb653a83c1392c73,陈佩斯,https://pic2.zhimg.com/v2-f3ba025ae9dc2ba7417f76f30d852ee6_is.jpg,喜剧艺人，曝日堂主人。,https://www.zhihu.com/people/chen-pei-si-13,chen-pei-si-13
bc8e35c8ab184329d7324142b5591e31,蓝牙彪,https://pic4.zhimg.com/1745abef3_is.jpg,蓝牙 蓝牙 蓝牙 蓝牙 蓝牙,https://www.zhihu.com/people/bluetoothbiao,bluetoothbiao
bb4717ee971231594e6c206d02363763,GoingDown,https://pic3.zhimg.com/v2-2a470f27da437d843618ea824d24919a_is.jpg,随缘码字，摸鱼万岁,https://www.zhihu.com/people/docmu,docmu
63a9e2cb7cb714f436a564647c8b23de,李越,https://pic4.zhimg.com/v2-94a12e0272fc2ae23e2c970cc8874d64_is.jpg,公众号：GFML233，知乎私信不再接受提问，微博关注@李越越君，向我提问,https://www.zhihu.com/people/liyue233,liyue233
5ad0220b1a1197656aff3f8bea903cfa,陈晓阳,https://pic3.zhimg.com/3fb33c291_is.jpg,なにも言うな,https://www.zhihu.com/people/bravepetrelc,bravepetrelc
074428d20e4aea03085fb52d63dbf71b,海屋添筹,https://pic4.zhimg.com/v2-5c6179e0c9f0a1f612d80e2fa72f3585_is.jpg,让人非我弱，得志莫离群！,https://www.zhihu.com/people/SITEBOY,SITEBOY
3b6524c9b1128435cff87169ef23bd5a,CCTC300408,https://pic3.zhimg.com/v2-b8d8c47263b0fc120082470efb21e587_is.jpg,潮州三环（集团）股份有限公司,https://www.zhihu.com/people/CCTC300408,CCTC300408
6a77b9e2f6a38939b8101219ecfa2d5d,苗炜,https://pic3.zhimg.com/f1203d409_is.jpg,我是个作家，真的,https://www.zhihu.com/people/miao-wei,miao-wei
2db7fbecc1388b36bbff25c93b5f9262,汪华,https://pic2.zhimg.com/e6ad865768a2301955c486f7e2deb270_is.jpg,创新工场管理合伙人,https://www.zhihu.com/people/wang-hua,wang-hua
010b350ef041a6f233b13d80df114f53,董晴,https://pic4.zhimg.com/da8e974dc_is.jpg,CSDN,https://www.zhihu.com/people/dong-qing,dong-qing
b1a3919d6cf4f505dd6f41f09c028437,Lightwing,https://pic3.zhimg.com/v2-a5ac00027bb1144d2ccaa07e4e1e70ce_is.jpg,公众号：Lightwing   微博：李轶睿,https://www.zhihu.com/people/dlightwing,dlightwing
1a3c7b9e89f81b40e9e2c7e80e7cc540,梁景滔,https://pic4.zhimg.com/v2-02ea4677907aecd8d9a48d381fb70f95_is.jpg,不要站内私信，有事直接加微信122681869,https://www.zhihu.com/people/taoojp,taoojp
c15f4b3c93f3dade83ea77ad4ceea59f,极客公园,https://pic1.zhimg.com/v2-7b0c44b8ae19080ba367cdf6bb6fed2c_is.jpg,Only for X. 推动商业新变量,https://www.zhihu.com/people/geekpark-16,geekpark-16
216f4cce8f5f43e4940229471a8297d2,Swagger Booker,https://pic3.zhimg.com/v2-681d0117a647b18f1c370774e743579e_is.jpg,学生,https://www.zhihu.com/people/swagger-booker,swagger-booker
e88619a209fe6c707a20e0a3b30da8a9,邵云蛟,https://pic1.zhimg.com/686a46fb56cc014a869f9a295cefba7f_is.jpg,微信公众号【旁门左道PPT】作者！分享更多原创PPT设计经验,https://www.zhihu.com/people/da-fen-qi-24,da-fen-qi-24
5413bb6842f1dd6a944d754f0f2eed37,比利白,https://pic1.zhimg.com/v2-0a7528838da0bb9e1d4ce51865987108_is.jpg,冬天滑雪夏天浪,https://www.zhihu.com/people/yifan-bai,yifan-bai
946100dd40f5cf54c41bdd59ad4f0d87,张小北,https://pic3.zhimg.com/cab945809_is.jpg,电影编剧、导演,https://www.zhihu.com/people/zhang-xiao-bei,zhang-xiao-bei
45fabf55407ecc788ca94e3e97a8a496,肇英,https://pic4.zhimg.com/v2-0f65c6202492b1ec8abf0f058c28f663_is.jpg,河上肇の肇、链英の英,https://www.zhihu.com/people/xiong-zhao-ying,xiong-zhao-ying
3383a997306bd727d0e4f3cbf7f79e3f,马薇薇,https://pic3.zhimg.com/v2-4777beaccf507d4b1766a5573a9d26ff_is.jpg,艺人，辩手,https://www.zhihu.com/people/ma-wei-wei-3-9,ma-wei-wei-3-9
c4a5f2c3ae963e6e07823c36443c335d,沂琳,https://pic3.zhimg.com/v2-0fb6f9697a440eb6d75f9802d105592d_is.jpg,君の剥き出しのココロ、守ってあげたくて,https://www.zhihu.com/people/irinwind,irinwind
ac50b000c0545afb685b295fa76d4199,原画册韩松,https://pic1.zhimg.com/v2-be72a3471a5b9a246313cca944dd7d62_is.jpg,"IPPA,MPA,MIRA手机摄影获奖者，公众号：原画册",https://www.zhihu.com/people/oalbum,oalbum
79a6ec048b41f6cab7a23a0a1c83d4dd,朱紫辉,https://pic1.zhimg.com/e845a66774b372f2fab005e6dab942f4_is.jpg,,https://www.zhihu.com/people/zhu-zi-hui,zhu-zi-hui
346e6a236a66d2d9eddb5827a25d0d0d,李栩然,https://pic1.zhimg.com/c2d70554f69b037e4aa1c7b49f4b3805_is.jpg,关注微信公众号：栩先生，可加个人微信。,https://www.zhihu.com/people/li-xu-ran-94,li-xu-ran-94
b22628741b14f962ae392fb1a0a609e9,郑少PPT,https://pic1.zhimg.com/v2-ec4594de3ddb21615e33761af927e076_is.jpg,简书签约作者，微博头条文章作者，公众号：郑少PPT,https://www.zhihu.com/people/zheng-shao-PPT,zheng-shao-PPT
1d454932a3c73a40bf05941e86d0489c,温酒,https://pic2.zhimg.com/a691990e0a01fc6b0e20446cf353f06e_is.jpg,希望做一个温柔的人，想给你讲一万个故事。,https://www.zhihu.com/people/wen9,wen9
efa817ae46c3d232bb4cd496b9d6d270,夏木,https://pic3.zhimg.com/v2-88c8f96ad2591a7f8156a004ba3bba55_is.jpg,《铁齿铜牙纪晓岚》一级研究员,https://www.zhihu.com/people/summer-tree,summer-tree
038515191ab64c06501942cc6f769949,饶晓志,https://pic4.zhimg.com/1b1f488b8f6ce3469ea71f33b5075608_is.jpg,戏剧及电影导演,https://www.zhihu.com/people/raoxiaozhi,raoxiaozhi
f0833002d53eb04f5e96a5da555b3c00,二胡又炫,https://pic2.zhimg.com/v2-b6821332cb7d4b6d700d166fc82aa5e5_is.jpg,立志成为新世纪赚钱男神,https://www.zhihu.com/people/er-hu-you-xuan,er-hu-you-xuan
b28f562a966e6ce6265e4166071e5f8c,Brooks,https://pic1.zhimg.com/v2-00178f08fad4e06df57c41b2b36f9d3f_is.jpg,卫星公司LaserFleet创始人,https://www.zhihu.com/people/laopan233,laopan233
c1adb015d469f2bc70781072d654ca59,赵丹喵,https://pic2.zhimg.com/v2-f82e42fc50c15ecdb6848c17d60b5c25_is.jpg,耶鲁法学院 | 纽约律师,https://www.zhihu.com/people/zhao-dan-miao,zhao-dan-miao
e47899140f5a3a5536718307a73a83ef,骑士王的刚毅,https://pic1.zhimg.com/91b202647338e97607378001ef568aee_is.jpg,热衷于对扛精进行碾压,https://www.zhihu.com/people/zhou-yuan-qing-90,zhou-yuan-qing-90
99953853cc4219fabe8327301058357c,Fenng,https://pic3.zhimg.com/9ee82f3f07623303aa42164b523ac267_is.jpg,「小道消息」，微信号：WebNotes,https://www.zhihu.com/people/fenng,fenng
7d38492ca2acee5214a9be8dc495f2b2,青崧,https://pic2.zhimg.com/v2-d5b46acc1d7c4a3860a565b3d60dea87_is.jpg,私人定制眼镜设计师,https://www.zhihu.com/people/qing-song-21-85,qing-song-21-85
3ea2a5b8b246612f9f0403d48060ca7b,叶明,https://pic1.zhimg.com/fee4f132c_is.jpg,「泼辣修图」团队成员，欢迎阅读个人出版书籍《手机摄影从小白到大师》,https://www.zhihu.com/people/xie-ming-1,xie-ming-1
002cfdef4dc31491651654859fd0e612,木西AlexanDENG,https://pic1.zhimg.com/v2-1025dd61b1dbf46e6489cfdf7aea6942_is.jpg,制片人/风光摄影师/摄影自媒体人/商科生/全球旅行者,https://www.zhihu.com/people/alexandeng,alexandeng
f4bf0f8046c21ffd214e23a522385a87,脱翁,https://pic4.zhimg.com/v2-7d666d7b809c21c2ff9ebd17d4b3b090_is.jpg,笔名「脱苦海」，香港文字工作者。（tokuhon.blog）,https://www.zhihu.com/people/tokuhon,tokuhon
abcbf949c98fd3f4a323b994d7d32ff4,尼德兰的橙色火焰,https://pic4.zhimg.com/v2-7b003083580a11868c41d37e0d717a54_is.jpg,,https://www.zhihu.com/people/ni-de-lan-de-cheng-se-huo-yan,ni-de-lan-de-cheng-se-huo-yan
39ac59b0cbf0406257c2cc86b85b5bb5,密涅瓦的猫头鹰,https://pic4.zhimg.com/v2-c30718c01a3cbb4f22bea9a0637bcb64_is.jpg,此身本是蓬莱客,https://www.zhihu.com/people/xiong-jia-xin-29,xiong-jia-xin-29
9744786fdca45942854552af428578b0,匡靖,https://pic1.zhimg.com/8823fad2cb76584a6ca371c8bf5d5d35_is.jpg,公号：匡靖,https://www.zhihu.com/people/zhang-jing-88-76,zhang-jing-88-76
716403c2c61cc7fe11d83ffa00b38dd6,Mather King,https://pic1.zhimg.com/v2-c7059f1dc97bf4e840b7f8d8fabe37d7_is.jpg,Applied Probability,https://www.zhihu.com/people/mather-king,mather-king
18cf8afad0e11bdddea86aaee0f765cd,王晶,https://pic4.zhimg.com/v2-f866367fc652a09d71add8b3edf94a64_is.jpg,微信公众号：作者的艺术,https://www.zhihu.com/people/over_exposed,over_exposed
a6c3b54edbef9cc13383c0e5f00b4b55,公周,https://pic1.zhimg.com/v2-4de827deabed758f27c73aa9aae5eb7f_is.jpg,前法官，微信搜索：公眼观察（ID：gongygc）,https://www.zhihu.com/people/liu-xian-sen,liu-xian-sen
c6fd8f4370f4c3aa29e9ab20d1338e19,绯,https://pic3.zhimg.com/v2-6b1bcacfd5313bef75aa591772bf6dfc_is.jpg,哈迷微信号：戈德里克山谷,https://www.zhihu.com/people/yun-fei-68-87,yun-fei-68-87
d9adc24d8a761eebf51e9e87a635fa87,warfalcon,https://pic2.zhimg.com/4bae5257d_is.jpg,"微信号：read01 , 答案被100万人收藏",https://www.zhihu.com/people/warfalcon,warfalcon
b057404ebb7934ffe200c4c58b11d0d7,卓恒,https://pic1.zhimg.com/9f9242b64969c43baea34ab97b5e3773_is.jpg,瘦子公众号：卓叔增重 (Uncle-Zhuo),https://www.zhihu.com/people/zhuoheng,zhuoheng
ffbe1e25d78aa1aa39b6baf6a6a5c781,汪惟,https://pic4.zhimg.com/484cac951_is.jpg,何事惊慌！！！！！！！！！！！！！！！！！！,https://www.zhihu.com/people/ccat,ccat
9d09902907c79f8a15eeb9457abbcac5,Amanda Chen,https://pic2.zhimg.com/8026a173204686ed1b86a4b06b8b5e8e_is.jpg,,https://www.zhihu.com/people/amanda-chen-63,amanda-chen-63
1da7eec2a662e93d2d2d9758bc96ef1a,韩叙,https://pic4.zhimg.com/040a6dd29_is.jpg,网易运营总监，《超级运营术》作者，公众号：运营狗工作日记,https://www.zhihu.com/people/hanxu,hanxu
48ae82feaf980dd80b09483076170831,大姐姐,https://pic1.zhimg.com/v2-744d69d5829a5ad5ddf1f2483188da62_is.jpg,咨询加微信S1633520893,https://www.zhihu.com/people/xiao-mei-mei-56,xiao-mei-mei-56
3a8e00f3effb3c0bcf289fe5409ee771,雅礼老四哥,https://pic3.zhimg.com/912379ec5_is.jpg,,https://www.zhihu.com/people/ya-li-lao-si-ge,ya-li-lao-si-ge
f026f0b3fd337576dd953e2eb960a654,陈默,https://pic2.zhimg.com/b4c6b7523f88337bc269a87c3d233303_is.jpg,默默猫摸摸默默猫毛毛。,https://www.zhihu.com/people/chen-mo-18-59-68,chen-mo-18-59-68
00f1b6268282184dfb94a09638b08c53,赵寒旭,https://pic1.zhimg.com/c5e5529edd414fae5b0e67712c020bc2_is.jpg,胸中有血，血中有风。,https://www.zhihu.com/people/zhaohanxu,zhaohanxu
3b605168b3f37e97e32c6eae0b5b09e7,Mad Wiki,https://pic1.zhimg.com/5862809b48346f18fc67aff61071bf02_is.jpg,我对这个世界，要求很低的。,https://www.zhihu.com/people/madwiki,madwiki
27a0f4c86cb61d60e0eb0e629275dca3,纽约老闻,https://pic4.zhimg.com/v2-7f30e58d18090cabb0597832b82294c1_is.jpg,,https://www.zhihu.com/people/rob-wen,rob-wen
95770aa7bc2490415d21bb8201b39ef3,Joyce Fan,https://pic1.zhimg.com/6afd68932493b902a1f88b728adb0a05_is.jpg,J.D. 在读 想要成为一名青年法师,https://www.zhihu.com/people/fanxiaotian,fanxiaotian
2e6684eb6cc5a97721d55e9f3b9e37aa,magic桃,https://pic3.zhimg.com/v2-7840cf005e588ba3aa8782ea92d880a1_is.jpg,公众号: AlpsAreCalling,https://www.zhihu.com/people/magicpeach,magicpeach
3eb725c095d9ec4279f9f5b241f15dc8,叶小满,https://pic2.zhimg.com/5c34ade20_is.jpg,用英文学,https://www.zhihu.com/people/xie-xiao-man,xie-xiao-man
3f3644aeb67a60c17a45ab65ecaaf295,迷惘的熊猫,https://pic4.zhimg.com/252b587860b09707ba17b7d2de726e7e_is.jpg,微信公众号:熊猫爱飞行（ID:iflypanda）,https://www.zhihu.com/people/iflypanda,iflypanda
320fa9f77a7db60116a4f82bdb6afdef,或口中人,https://pic4.zhimg.com/da8e974dc_is.jpg,,https://www.zhihu.com/people/huo-kou-zhong-ren,huo-kou-zhong-ren
ac4ab77222cdf9aa9a2c0249756c5d67,陈修圆,https://pic3.zhimg.com/v2-ced1399ecf19cc731c66fd41ab18fb73_is.jpg,金融服务,https://www.zhihu.com/people/chen-xiu-yuan-90-11,chen-xiu-yuan-90-11
b3de60764d1be6d6b05ca8e7b25ff7c0,目,https://pic2.zhimg.com/v2-36e44ab4c9c18bc05c6c3f91c11b29f4_is.jpg,,https://www.zhihu.com/people/yuemuhome,yuemuhome
5248c1e1b9cefb2d362faebd07a83f32,林放之,https://pic4.zhimg.com/da8e974dc_is.jpg,香港80后，专栏作家，政治学研究,https://www.zhihu.com/people/brianfox,brianfox
616325bd101a647525e1ecd57b00c9f5,王富贵,https://pic3.zhimg.com/ebc2185f7ccefb2537e29f22691a3a3c_is.jpg,游历西土，谈笑风生,https://www.zhihu.com/people/wang-fu-gui-95-3,wang-fu-gui-95-3
48af33b03ae4cde83fc7f1bb0458e70c,多啦梓梓,https://pic1.zhimg.com/v2-582443de64dd78971a7bc12c24b52f82_is.jpg,法学在读,https://www.zhihu.com/people/duo-la-zi-zi-35,duo-la-zi-zi-35
1d2161707b124545c95d31947d3a08b7,咔咔伊,https://pic2.zhimg.com/53c794e072e8be8cecb3e6e9163dfef3_is.jpg,律政,https://www.zhihu.com/people/ka-ka-yi-89,ka-ka-yi-89
001677fe3dceb40ad52728a2f10f30c3,喘气的虾米,https://pic2.zhimg.com/v2-7422ca9a01b8765f3c337c57ad493d3e_is.jpg,知道真相的我眼镜掉下来,https://www.zhihu.com/people/chuan-qi-de-xia-mi,chuan-qi-de-xia-mi
906bba94e5c6801ee91d8c29000e2ef4,汪汪D,https://pic4.zhimg.com/v2-eeb62c0051a15ec08858f7f8f2a0172d_is.jpg,神经病病神经,https://www.zhihu.com/people/wang-wang-wang-39-37,wang-wang-wang-39-37
e1d29ad0526dd69e5fc10270c8a7d4fb,灰色小熊,https://pic3.zhimg.com/v2-54062a4447603f5411e5d054f16f0c03_is.jpg,,https://www.zhihu.com/people/panggouzi,panggouzi
d68f5607f6ea6923cdf0bd46996852d1,大猪猪,https://pic1.zhimg.com/v2-d56f324efcb9af51ade310b2ed386ae9_is.jpg,现在，你的眼，能看多远,https://www.zhihu.com/people/mao-ye-91-51,mao-ye-91-51
e54116e79e97cef2feb1a1fac214471b,唐岩,https://pic1.zhimg.com/d08770c8b_is.jpg,陌陌创始人,https://www.zhihu.com/people/tang-yan-76,tang-yan-76
25d5085f975ea6f5869da8e6bf704827,九口走召,https://pic1.zhimg.com/v2-1a49792936cc06938c3c2c98105eba62_is.jpg,,https://www.zhihu.com/people/9mouth,9mouth
ebf2eaa007f47526114905ffee6ad264,长马气象台,https://pic3.zhimg.com/v2-79fb89990091390a97705685b07694d5_is.jpg,,https://www.zhihu.com/people/ruan-xiao-ba-18,ruan-xiao-ba-18
e1b10efd001a0724a9ca191b94fcedee,坏人,https://pic3.zhimg.com/6b6233f07_is.jpg,我是来知乎说实话，听实话的。,https://www.zhihu.com/people/huairen,huairen
a7457e6d30670d39fa9e1f844e35b05f,Jinni,https://pic4.zhimg.com/v2-95d9b79f1994884e8bf4050dd484ace7_is.jpg,我柔术很烂，别总想着打我,https://www.zhihu.com/people/jinni,jinni
41f58a858f5cb84ebbead1836096e48a,唐缺,https://pic2.zhimg.com/171cc15ea_is.jpg,写小说的,https://www.zhihu.com/people/tang-que,tang-que
97008cf8fda5f1845b78cea75112fd13,刘硕,https://pic4.zhimg.com/21947a9807e123fe0e7bd62351dade7f_is.jpg,念了六所大学，辍了三所；学了七种语言，忘了六种。,https://www.zhihu.com/people/shuoliu,shuoliu
4868a5f33d3190e7d2cb9f764e2299ff,朱聿欣,https://pic3.zhimg.com/v2-327c19864c646eabd38efbf50da7b101_is.jpg,公众号：言语炼金术,https://www.zhihu.com/people/zhu-yu-xin-80,zhu-yu-xin-80
5217304472d2a5eeef66cd9169168b01,成心文,https://pic3.zhimg.com/v2-9b5da0540dded81cd55f0abd2648e4bd_is.jpg,不会拍电影的程序员不是好机长,https://www.zhihu.com/people/XinwenCheng,XinwenCheng
15f3734d808ea552397c5cfbda8409fa,局势君,https://pic3.zhimg.com/4105f115b1168ce4e4754c0269b5b4b2_is.jpg,头衔很少，干货很多！,https://www.zhihu.com/people/talkforeasy,talkforeasy
111f3d5989881f47f3ef48368d4e6206,月姬魔夜,https://pic2.zhimg.com/v2-d050cb144699a93e1cdfd3e17eeba3a0_is.jpg,一个圣骑士成熟的标志是不再向盲人解释阳光,https://www.zhihu.com/people/darkmaya,darkmaya
2ff67571aecdbbb87f901c99fbecbba2,宋美妙,https://pic1.zhimg.com/v2-45df61fd97427603201cb825e40482aa_is.jpg,一个严肃活泼的自然人,https://www.zhihu.com/people/chase10008,chase10008
9801b238b79e7cd20d7b7ce027ff9b91,Yuki Z,https://pic3.zhimg.com/892e557a4_is.jpg,我是一只いきいきとした子,https://www.zhihu.com/people/yuki-zou-25,yuki-zou-25
972aa5467352c896a6891d924504faab,谢月生,https://pic3.zhimg.com/v2-3be9ab3006b8347507b3c66b8b2a95c6_is.jpg,易改衣首席红帮裁缝,https://www.zhihu.com/people/xie-yue-sheng-95-24,xie-yue-sheng-95-24
225d18ff987407ffb78289c79cddfcf3,刘奥,https://pic4.zhimg.com/v2-b35711f390a08daae14bf4245a014054_is.jpg,窃钩者诛，窃国者侯~,https://www.zhihu.com/people/liu-ao-62-49,liu-ao-62-49
49fcbeeadc0a5c56e2930a5ac3076f9d,谢安,https://pic4.zhimg.com/da8e974dc_is.jpg,职业投资人,https://www.zhihu.com/people/xie-an-43-14,xie-an-43-14
4ebd7eaec13f9099ac2bd5005bd22046,seasonsyan,https://pic4.zhimg.com/da8e974dc_is.jpg,,https://www.zhihu.com/people/seasonsyan,seasonsyan
0489e01cfcf7a90fde9a3aa32903311b,乱博,https://pic2.zhimg.com/v2-370073241a62faea51d06e918d63946c_is.jpg,济分析,https://www.zhihu.com/people/luan-bo-16,luan-bo-16
bbb58b3cf74a5fa7e835c0358e430acf,温酒,https://pic1.zhimg.com/v2-50617f64221aac69a4e586124cc04421_is.jpg,微信公众号:hearmr333   公众号名称：&#34;温酒说&#34;,https://www.zhihu.com/people/warmwine,warmwine
d4ee19666cd6c71befe34174160bfafa,黄海均,https://pic1.zhimg.com/v2-dde9a9cab8a190cf97d20928632faad5_is.jpg,创业者、产品设计师,https://www.zhihu.com/people/oxygen,oxygen
124800a9b79d9380e1de101e6ea6d81e,恶食,https://pic4.zhimg.com/182d9f1ac_is.jpg,妄夜主义永垂不朽，一切尽在同名公众号,https://www.zhihu.com/people/akujikitt,akujikitt
10be1423c97d63028fb420278130a67e,从小就叫老韩,https://pic3.zhimg.com/v2-d9012acb95480fd27dc0ae0179f9a767_is.jpg,在写《毛选商业方法》专栏,https://www.zhihu.com/people/cong-xiao-jiu-jiao-lao-han,cong-xiao-jiu-jiao-lao-han
082b5739b0edd4a14e9f1260c9d5a1af,Mango菇凉,https://pic1.zhimg.com/9e4b717819698b9d1a5443df0066750c_is.jpg,分享全凭个人喜好/没有公众号/不做代购,https://www.zhihu.com/people/tu-tu-98-99,tu-tu-98-99
036bddcff89471a4be86ad3fca102d15,Faye Wang,https://pic1.zhimg.com/bc5635bb10f6246d18c03c36ce6ba2cd_is.jpg,律师 潜水员 爱美是正经事,https://www.zhihu.com/people/wang-liu-liu-74,wang-liu-liu-74
cb8eff218070d9b99e0552b1e5e1d4ef,粒子,https://pic4.zhimg.com/v2-5c60c820cf936d882e4788a190be5933_is.jpg,非知名产品经理,https://www.zhihu.com/people/Particle,Particle
f7e2238be7addc75c67260421106dd65,张大志,https://pic1.zhimg.com/v2-4410fc02546adcccb11d3f90461fa3d7_is.jpg,职场认知沟通升级,https://www.zhihu.com/people/zhaopinpro,zhaopinpro
4ee97d1e5068136161f35003f8cf6215,王远成,https://pic4.zhimg.com/f32515822bb99ccbe4986ce834afc80f_is.jpg,互联网运营,https://www.zhihu.com/people/wangyuancheng,wangyuancheng
1aae91d5d1de1724f5f3c22cca13bcac,YOOOXI,https://pic1.zhimg.com/v2-138e267171dece5ae28d49088be79d8d_is.jpg,,https://www.zhihu.com/people/wu-ruo-xi-39,wu-ruo-xi-39
54265e3c4bcd3f86ff3fa6bbbbeebe6b,沐清居士,https://pic1.zhimg.com/v2-b66e8664e9cb6b5ef78964f559ff411f_is.jpg,黑发不知勤学早，白首方悔读书迟,https://www.zhihu.com/people/wangyizhi4,wangyizhi4
1b1d735b111158b9e88a4370e2bd22b7,默识先生,https://pic1.zhimg.com/bc5c7cc329563a5181a246ac5160a627_is.jpg,,https://www.zhihu.com/people/mo-zhi-xian-sheng,mo-zhi-xian-sheng
ff6f8e4c921ba81341529075c1eff414,四佰本,https://pic2.zhimg.com/2fe3a9abf_is.jpg,半路出生，师承传统，毕生以求覆杯即愈之技,https://www.zhihu.com/people/si-bai-ben,si-bai-ben
46ebc69ceb9593e0f9b016092f2af7d5,董悠悠,https://pic3.zhimg.com/v2-cb36f9389bc3835194d88815f5fa9cc2_is.jpg,《少年艺术课》,https://www.zhihu.com/people/histart,histart
ecf7d14a8d0a4e8996496655b8aa6839,皆非,https://pic1.zhimg.com/v2-74da24cce0accc4dab27bc07d1ba3859_is.jpg,我未曾触摸过星星，但我曾离宇宙这样近。,https://www.zhihu.com/people/jiang-yi-duo-66,jiang-yi-duo-66
2503942809c0639361688f1904cf5d0b,张雨凡,https://pic4.zhimg.com/da8e974dc_is.jpg,律师,https://www.zhihu.com/people/zhang-yu-fan-52-58,zhang-yu-fan-52-58
e9c038a99bc3c7c6259d7f4591dd5c93,侯钧夫,https://pic4.zhimg.com/da8e974dc_is.jpg,什么都不知道，也不想知道。,https://www.zhihu.com/people/hou-jun-fu,hou-jun-fu
dadee8dcb05ef06ce5d46509b0d1bcc4,毅种循环,https://pic3.zhimg.com/v2-e4d3f8ce0fca564619f9df62369fee44_is.jpg,新南瓜车硬件交流群，952541109。,https://www.zhihu.com/people/lu-ren-jiu-shi-jian-55,lu-ren-jiu-shi-jian-55
51452ed7fc1dd98bfac7d47c2bd00125,霜叶,https://pic2.zhimg.com/v2-c423bfab23a597c86b70351c6d568a19_is.jpg,我什么也不知道,https://www.zhihu.com/people/shuangye,shuangye
a6dd1a797b672fa7dd5f78809eff7de0,老李校长,https://pic1.zhimg.com/v2-17c214cbba43decda2cc85bb1cfdbe67_is.jpg,微信公众号搜老李校长,https://www.zhihu.com/people/niu-yue-lao-li-xiao-chang,niu-yue-lao-li-xiao-chang
140a506e05d4b1cac467b4d647990723,李雷,https://pic1.zhimg.com/04eec438990c2ffe2652062b8bb3093b_is.jpg,前科研人员,https://www.zhihu.com/people/li-lei-up,li-lei-up
b74bf75dc568e32190ab4ed58bb62c6c,刘十九,https://pic3.zhimg.com/20b40e5f1b19f76308c8e23f13c1bda9_is.jpg,品牌管理 / 消费零售 / 价值投资 / 阅读学习,https://www.zhihu.com/people/shijiuliu,shijiuliu
f2062ca546d95e290905a5a56b72606b,梁隼,https://pic3.zhimg.com/v2-9cceaf4cf05a8a99f04d45f072440bd7_is.jpg,香港网络作家,https://www.zhihu.com/people/liangzhun173,liangzhun173
fa0c387949af3f861a49fcd0b0fcb014,Himmy,https://pic4.zhimg.com/da8e974dc_is.jpg,基酉愀廴,https://www.zhihu.com/people/himmy-chow,himmy-chow
eb2de03e13a76531d4dc273cbaac05df,宁静,https://pic1.zhimg.com/v2-eb98a96c2055b1418c517f258983a982_is.jpg,精神科医生，抠脚大叔,https://www.zhihu.com/people/zhu-jing-zhu-8,zhu-jing-zhu-8
6e598091c6a12ac075d683490c762bbd,星玫,https://pic4.zhimg.com/v2-806b48e73928bded68a954b73513bc31_is.jpg,MorningRocks 公众号撰稿人，热爱宇宙和艺术,https://www.zhihu.com/people/starose,starose
61056fe070a31731c62010cffbdad8ab,但是井中呱,https://pic2.zhimg.com/0c89afab26920d7d1537dd0cf4277783_is.jpg,你与世界，差一个思考。,https://www.zhihu.com/people/jo9-39,jo9-39
8366575cfc9846f14d3fb919baedbd19,小爝,https://pic4.zhimg.com/v2-7387bc0d1209a76798888ad035cc5d6e_is.jpg,程序员本员,https://www.zhihu.com/people/xiao-jue-83,xiao-jue-83
b5997bfe21d2b3459fa414945eb2d6ff,噼里啪啦的石头,https://pic4.zhimg.com/v2-29105555ba125972278c19d13df5ae7e_is.jpg,职业生涯规划书,https://www.zhihu.com/people/ans-76-73,ans-76-73
e32cdac584a469518257985e9057f3fb,美国往事,https://pic4.zhimg.com/v2-7c95d8efc42b68ee4f83d33b6454ee05_is.jpg,All about data,https://www.zhihu.com/people/mei-guo-wang-shi-74,mei-guo-wang-shi-74
98dbecfdf01644c894bd1f8690014c7b,邓可爱,https://pic2.zhimg.com/30b7f90a108a34f3bae4e132362cf803_is.jpg,公众号：可爱在香港。香港金融从业者，业余小提琴手，比特币爱好者。,https://www.zhihu.com/people/deng-keai,deng-keai
4265c545cf4082e80eea50617ff60cca,Luo Patrick,https://pic1.zhimg.com/v2-243a580a9d886073a16270062d337dfa_is.jpg,,https://www.zhihu.com/people/patrickluo,patrickluo
3ad275aa670913232ce00a846b2afb8c,亦团团,https://pic4.zhimg.com/64235b524_is.jpg,,https://www.zhihu.com/people/yccluo,yccluo
823fbc3227556059a70116c42e2491b1,Leesa,https://pic1.zhimg.com/cacbde9c7_is.jpg,经营身价，不必羞羞答答。。,https://www.zhihu.com/people/leesa-10,leesa-10
75d3d69937f1d46d2fcba06d22a32612,黄龙举,https://pic3.zhimg.com/294d22ed0e2c092f16035266b625942a_is.jpg,微信公众号:封氏中医正骨针灸,https://www.zhihu.com/people/huang-long-ju,huang-long-ju
0fcd76c85f478bf30f7f0e9add14cf3b,席妙雅,https://pic2.zhimg.com/52232f3a5b0ae7ca6f35b3e77f6ba278_is.jpg,微信公众号：味之道,https://www.zhihu.com/people/alice-xi,alice-xi
a34de6589fad15a232e10ff60f69270a,杨阳,https://pic3.zhimg.com/5544ce17012a8830efacdaa482d3c097_is.jpg,重度数据收集癖，SD捞鱼的科研狗,https://www.zhihu.com/people/jpshuimu,jpshuimu
028c1a112074b9faefbcfa3d8cbbf6b3,王义之,https://pic1.zhimg.com/bb85a3e1b_is.jpg,凡影合伙人,https://www.zhihu.com/people/wangyizhi,wangyizhi
228814fb80b912ff34a551d44668bdad,豆大福,https://pic1.zhimg.com/b96e6d7155f0dbf11c500aad024c9f77_is.jpg,MIT经济学博士在读,https://www.zhihu.com/people/daifuku,daifuku
64feacb96c62f7b9e62dfd3a941ba00a,Quartz,https://pic1.zhimg.com/v2-77899d61448ff747c292f2de6453cfa6_is.jpg,简单是最好的享受,https://www.zhihu.com/people/quartz,quartz
fe7751cabac3c78024ea293e6db3b33a,吴清缘,https://pic2.zhimg.com/0ab27955f86ea2a007dff005f25dad96_is.jpg,一个性格浓眉大眼的人,https://www.zhihu.com/people/wu-qing-yuan-41-96,wu-qing-yuan-41-96
cff548cf5cc281c117be4cc95a2fa312,凯常,https://pic1.zhimg.com/a36176c29_is.jpg,笑着给你一个台阶儿下,https://www.zhihu.com/people/kai-chang-46,kai-chang-46
c9cee996cde274145f8f11fc15404768,慧航,https://pic4.zhimg.com/v2-8906a56d80b98224eb1d544c9dc69c74_is.jpg,公众号:「阿尔山下」Keep calm and DO your Research,https://www.zhihu.com/people/sijichun,sijichun
1af5716c72b34887024ea256c2c80b91,沈帅波,https://pic2.zhimg.com/v2-f3762a47a37f68b9bec4399b01abf946_is.jpg,公号「进击波财经」主理人，著有商业畅销书《迭代》,https://www.zhihu.com/people/shen-shuai-bo,shen-shuai-bo
a05ab481514e68cf3cd9efbd631f0e00,黄海,https://pic3.zhimg.com/v2-b7ec7d24c1071a1f4cb6ad241f34c89d_is.jpg,消费投资 播客「疯投圈」,https://www.zhihu.com/people/huanghai28,huanghai28
f817e84104f876f8361b979045f0e57a,Will Wang,https://pic3.zhimg.com/v2-cbbd0e9c5e9143962d7439dfaf31533b_is.jpg,BAI VC,https://www.zhihu.com/people/will-wang-69,will-wang-69
586cbc016299220dabffb650232cefaa,刘磊,https://pic2.zhimg.com/5e628e3b9_is.jpg,https://www.rishiqing.com/日事清创始人 ,https://www.zhihu.com/people/liu-lei-51-32,liu-lei-51-32
eb283d682b6331c84a636adcb646b9c3,liu leon,https://pic3.zhimg.com/v2-b938c7b98159ebb4db3460c2ff855d6e_is.jpg,海外创业人士，游戏迷,https://www.zhihu.com/people/liu-leon-36,liu-leon-36
b43f1f5272f9bae7e36c3c1d7223f9c8,岑CHEN老师,https://pic3.zhimg.com/v2-7c00b48b0793ab05fa93fc521ecf9145_is.jpg,澳洲注册心理咨询督导，蒙纳什大学临床心理咨询硕士,https://www.zhihu.com/people/cenyuchen,cenyuchen
ad1bf2464116504834040a7050305c75,张航,https://pic1.zhimg.com/v2-8d1a1175432de306f52dc9fafc9f7ab4_is.jpg,努力把自己该做的做好,https://www.zhihu.com/people/zhang-tao-36-97,zhang-tao-36-97
b7974af1a6b32b646187912c7c337727,大道至简,https://pic1.zhimg.com/v2-220c97a9973e7cb22540afbbfc41478e_is.jpg,精彩干货？公众号：简投通,https://www.zhihu.com/people/da-dao-zhi-jian-77-8,da-dao-zhi-jian-77-8
806762a915da5ee2d2b360b8c13d46fd,kimi,https://pic2.zhimg.com/v2-b0f618eb4e42a291b1b38bf8c9715a47_is.jpg,社会学家 全班唯一没读研的人,https://www.zhihu.com/people/kimi-91-74,kimi-91-74
caf4958c465bde3260daaf8652475aa9,芙兰朵露,https://pic4.zhimg.com/v2-fe2ed23606a34d7213556fd580e50229_is.jpg,,https://www.zhihu.com/people/ji-hui-51,ji-hui-51
224c820d965669a6a6689829e70fc181,辣条小仙女,https://pic3.zhimg.com/v2-7b564e603a7611f70f3da3e933cc1cc6_is.jpg,立志做最棒的游戏制作人,https://www.zhihu.com/people/latiaoxiaoxiannv,latiaoxiaoxiannv
15412f9b39836b92d3d9d53de103444f,墨鱼,https://pic2.zhimg.com/v2-8588c397ef76e531db5a16883813dc4b_is.jpg,笔记本电脑交流：783652646，详细咨询请走付费咨询。,https://www.zhihu.com/people/mo-yu-JGH,mo-yu-JGH
b89830f8de77839a083905c3f350c1c8,林大路,https://pic1.zhimg.com/v2-ab725e0a4757edf91f50d29813860d08_is.jpg,知乎高赞评论玩家，职业奶爸，顺风司机小哥哥,https://www.zhihu.com/people/2br2,2br2
fea709b8a290c93a4f5243c70d049526,好吃到家,https://pic4.zhimg.com/57e71f024833cd0c7a0a095669772950_is.jpg,中国象棋棋谱xiangqiqipu.com,https://www.zhihu.com/people/smlshc,smlshc
7c51e4ccc9855513b5185024724eca9f,小巴也叫刘星岳,https://pic3.zhimg.com/v2-9f872c563ba490d1e74a39f22ac8e463_is.jpg,影视公司CEO/ 北京紫维皮肤形体管理中心投资人,https://www.zhihu.com/people/baleite41,baleite41
0999189bddb6ba96ac860ef510325e4b,羡辙,https://pic4.zhimg.com/5c8aa5cfcb3ddd99b1ed72bc3e77d9cc_is.jpg,前端空城师,https://www.zhihu.com/people/ovilia,ovilia
68ac6c014f34df8970b484db4bff8722,诸彦杰,https://pic3.zhimg.com/bdf38592ecb5e9caa22f85cf09ab5e96_is.jpg,理性派营销人,https://www.zhihu.com/people/zhuyanjie,zhuyanjie
631bf5ebb88c29518e61cef2fefc3386,阿德,https://pic3.zhimg.com/baa8eeb31_is.jpg,PMCAFF产品社区,https://www.zhihu.com/people/adee,adee
84d01709b702f74e391ae72de5736f89,陈达,https://pic1.zhimg.com/4ba23e0ece9ea22dec6849d350fda8f0_is.jpg,骰子孤吻,https://www.zhihu.com/people/dachen4,dachen4
0748fab6579c653e0408da515a028006,Sharon,https://pic2.zhimg.com/v2-dfaa2e12619f7baface1de8e988d119d_is.jpg,认知科学在读博士,https://www.zhihu.com/people/Sharon_ChenYX,Sharon_ChenYX
9a4db68622d8684dcba5e4139d4464df,Xiuquan Yu,https://pic2.zhimg.com/v2-66268c52f0eadf08e52704c7996926b1_is.jpg,,https://www.zhihu.com/people/xiuquan-yu,xiuquan-yu
30f4c8f8f80bd067003f527f67ec43e7,光喻,https://pic1.zhimg.com/v2-ea6fb71a815fc2a24ed8cd7566ec7ac9_is.jpg,机器学习/因果推断/高三在读/Penn&#39;23,https://www.zhihu.com/people/optimiseur-du-monde,optimiseur-du-monde
51650f9e5fcc38620efa0823c7ce86b9,久木凌夜,https://pic4.zhimg.com/ed33a5215ea7c61fc3c8dca5624cf1fe_is.jpg,her,https://www.zhihu.com/people/jiu-mu-ling-ye,jiu-mu-ling-ye
64d559037a29a3ae5f91056b89714a41,短裙小萝莉,https://pic2.zhimg.com/v2-3c812868cd1b6f8320596239734da3d5_is.jpg,,https://www.zhihu.com/people/2255-77,2255-77
a64efe70321007647ddc3bbbbbe29643,Jake,https://pic1.zhimg.com/a92dac68e15ccad762e49ca1b77fdf79_is.jpg,轻度极客,https://www.zhihu.com/people/jake-55,jake-55
5c50438e23755530fe3d6dac38506989,区块律动BlockBeats,https://pic4.zhimg.com/v2-e536619a348fc647a7b51fcd5cd21d34_is.jpg,专注于区块链领域科技创业分析，提供最新鲜，最具深度，最有价值的区块链业新闻。,https://www.zhihu.com/people/qu-kuai-lu-dong-blockbeats,qu-kuai-lu-dong-blockbeats
4aa8fd10b4c4cc77c6759ae049e4ad36,小步舞,https://pic1.zhimg.com/v2-0255a512a48d8b9d334faec726750e68_is.jpg,微信公众号【天天美剧吧】 欢迎大家来做客,https://www.zhihu.com/people/xiao-bu-wu-86,xiao-bu-wu-86
eab99735bda9339698f93d2db635eccb,王英骁,https://pic4.zhimg.com/da8e974dc_is.jpg,无,https://www.zhihu.com/people/wang-ying-xiao,wang-ying-xiao
c1da3d92d0abd7ca4eebb57c2721d818,蒋雨辰,https://pic3.zhimg.com/v2-1e13b2ddeb129fb02926fcd0a3bbb148_is.jpg,区块链探索者,https://www.zhihu.com/people/jiang-yu-chen-74,jiang-yu-chen-74
6e5b3baa8c27e2de2b3c56b3fb5d66e9,早为,https://pic3.zhimg.com/0d0978b08_is.jpg,,https://www.zhihu.com/people/zao-wei-93,zao-wei-93
0785f8a1bea16fc6e4ca03ce22ea155a,我是老A,https://pic1.zhimg.com/v2-81d453032b6a73d3aa78597e0c1d4621_is.jpg,我的微信公众号：单位人，我的18年官场心得，全在那里。,https://www.zhihu.com/people/zhen-ji-94-9,zhen-ji-94-9
c20148dc1b3bec84c66d4e9635f608e6,黑马王爷,https://pic2.zhimg.com/3d1b22fd2f3902124d9989c7a08bffc2_is.jpg,,https://www.zhihu.com/people/zhu-hong-ru-89,zhu-hong-ru-89
f9ddc5be07003cebb20a5f9461dc542d,华农兄弟,https://pic4.zhimg.com/v2-b5ab9980c4578f726ecb5f9bbf5c0f96_is.jpg,实拍农村美食美景，有趣好玩新鲜事！ 修改信息,https://www.zhihu.com/people/hua-nong-xiong-di-94,hua-nong-xiong-di-94
3ef39a339e25d2fee59f569260a7faf4,白阳,https://pic4.zhimg.com/v2-c94bf9b68634a30ce94eb8eb3171c9ea_is.jpg,学渣 打工 酒吧 厨子 回归打工。。。,https://www.zhihu.com/people/bai-yang-52-87,bai-yang-52-87
7ba9236eefe84f97aa8cef4712b3d63a,小木曾韭菜,https://pic4.zhimg.com/v2-476dd1dac89fe4f6af67765f51f91aa8_is.jpg,,https://www.zhihu.com/people/hengruo,hengruo
ee2f775bf171b1d229d602e27d0f61ca,铭祺,https://pic2.zhimg.com/4a653f420dd1f7565b7163983b98ba17_is.jpg,一个无聊的人,https://www.zhihu.com/people/shang-xiao-li,shang-xiao-li
77643d25a9db3ab1286674b859cdb2bf,统一老师,https://pic1.zhimg.com/v2-41b37b1d7dc985a79a6e3a070ae4ac65_is.jpg,考研英语老师，权游话题最高赞答主,https://www.zhihu.com/people/zhang-tong-yi-26,zhang-tong-yi-26
820d694d57a6475b45af7c95f20d9150,夏冰莹,https://pic2.zhimg.com/da52c865cb6a472c3624a78490d9a3b7_is.jpg,UX设计师@Google,https://www.zhihu.com/people/xia-bingying,xia-bingying
5f2de73b534172eb5a2beb6b40f8a995,David王璐,https://pic3.zhimg.com/c218d1edcc1e19da13970dfd986bd7f8_is.jpg,曾经互联网从业者，人生旅途中,https://www.zhihu.com/people/David.Wanglu,David.Wanglu
f8dbaee23394c4c6544932e0171538a0,一之濑风,https://pic1.zhimg.com/v2-e3f3aa06dbc43fe4329a1267e4c248eb_is.jpg,哈佛MBA，提供美国大学申请和职业发展的有偿辅导，欢迎私信咨询,https://www.zhihu.com/people/yizhi-lai-feng,yizhi-lai-feng
c7629ff90233188fe05ca3d5ecd9bed2,陈睿,https://pic3.zhimg.com/67c4cdd41e39002e1db4b0310f18e8b2_is.jpg,,https://www.zhihu.com/people/ruich97,ruich97
25440104f3199ca988602067b3b93fef,麦肯光明,https://pic1.zhimg.com/v2-713839469640d0c77168e7e22c0f6b7b_is.jpg,Truth Well Told,https://www.zhihu.com/people/mai-ken-guang-ming,mai-ken-guang-ming
46bd8c62f48445365b918e9a828d0c7f,千手关叔,https://pic1.zhimg.com/v2-5a0ae4b1ea33c7a355ca778042cf42a1_is.jpg,浪迹文史哲(含美食、电影、旅行)的公法人/不住涅，不舍众生,https://www.zhihu.com/people/guanshu2017,guanshu2017
220d9ba3a75c5d38225fcae2269806f2,Falcon Leo,https://pic4.zhimg.com/e9c50e8eb0fbad4c6e5b86004a77980a_is.jpg,伦敦政经 公共健康政策与健康经济学,https://www.zhihu.com/people/FalconLeo,FalconLeo
395fc2c404c1ac0a998a5eddcb220c65,秘则为花,https://pic4.zhimg.com/v2-7dfdf1a6a70937ff7885d6134b2fe59d_is.jpg,高岸为谷，深谷为陵,https://www.zhihu.com/people/lxy192852,lxy192852
2c1a60e909e8591fd41bc1a8a9657d6f,轻萌小说,https://pic4.zhimg.com/v2-2445873bfe030feac91694ff29c683ae_is.jpg,轻萌娘参上！,https://www.zhihu.com/people/qing-meng-xiao-shuo,qing-meng-xiao-shuo
3380ed7238ba834c38a482d96f1ebcb1,小狮子Arslan Li,https://pic4.zhimg.com/v2-a230c252b9a6108852e646fcebf5ec83_is.jpg,Морозный клык,https://www.zhihu.com/people/xiao-shi-zi-arslan-li,xiao-shi-zi-arslan-li
ba04c95820449e7563942dc0482ced11,阿滚,https://pic4.zhimg.com/v2-02402af71558c45218648dd25c1ae0f2_is.jpg,看君双眼色 不语似无愁,https://www.zhihu.com/people/a-gun-57,a-gun-57
f6b97c493b9e60300d056b6882139ea6,许单单,https://pic3.zhimg.com/v2-806a151470ac93fbc461fdd9a1e76273_is.jpg,拉勾/3W 创始人CEO,https://www.zhihu.com/people/xu-dan-dan-27,xu-dan-dan-27
02e5dc20bda4282239c52f40555733e8,Faith Svergaard,https://pic2.zhimg.com/v2-5fe015679c8aed2319ee22be06a35155_is.jpg,无法无天的格兰芬多,https://www.zhihu.com/people/deng-xin-yu-35,deng-xin-yu-35
1ed9399aef7a74323abfbed304fce5b8,吴敌,https://pic2.zhimg.com/3fac783e4ce99a5e8b3e870f930812fa_is.jpg,Quant Trader,https://www.zhihu.com/people/wu-di-3,wu-di-3
461f044cd5dae0e6b1aedea6f91e0d78,周阿花,https://pic3.zhimg.com/0d4f1a3205fee113dda7f558d55e0ba7_is.jpg,鱼我所欲也,https://www.zhihu.com/people/zhou-a-hua-62,zhou-a-hua-62
51e8f6bfe14c17e812bdfec6a478d34a,Hang Li,https://pic2.zhimg.com/f8af236d5478d4177d888faf03b8a045_is.jpg,早安,https://www.zhihu.com/people/hang-li,hang-li
f5bf4291166adccba2a5fec2d6ca445f,Alex宋超,https://pic4.zhimg.com/10b1af863_is.jpg,,https://www.zhihu.com/people/Alexchaosong,Alexchaosong
430eb23be51788f617d97cd3f445d13d,Leon,https://pic2.zhimg.com/v2-2236ea838739694dcd0581279e41ebf8_is.jpg,自然语言处理,https://www.zhihu.com/people/lichengang,lichengang
e3390d0ad86f78739095d5be24d38378,陪无聊的人扯淡,https://pic4.zhimg.com/v2-fc7b601c9265172dbddfd7d636f379d5_is.jpg,广告人.占星官.驱魔人.释梦师.,https://www.zhihu.com/people/wu-hai-chen-72,wu-hai-chen-72
58ed8c41cee75540fd599579291fbdb9,达猪流浪者,https://pic4.zhimg.com/91ed9fe09411cdadf3033a24785127c1_is.jpg,公众号：文案怪谈。大龄文案狗，低龄段子手,https://www.zhihu.com/people/da-zhu-liu-lang-zhe,da-zhu-liu-lang-zhe
9cde313487cfe0ab8e2f7e491f2651e8,好奇心日报,https://pic3.zhimg.com/v2-77841da6e1ad2521770ccaba6140da33_is.jpg,好奇驱动你的世界,https://www.zhihu.com/people/hao-qi-xin-ri-bao,hao-qi-xin-ri-bao
dcbfe855083708323d322657473c65f0,王子,https://pic4.zhimg.com/da8e974dc_is.jpg,,https://www.zhihu.com/people/wang-zi-62,wang-zi-62
d1bdfa5ba1bee852c43e6d2e07d3b3b5,河堤春晓,https://pic3.zhimg.com/44c02aeede4b34a8d57ff9e52113a43f_is.jpg,手艺人,https://www.zhihu.com/people/DarcyLiou,DarcyLiou
0d083ac96bcea60358d39762add69100,Soluna Li,https://pic2.zhimg.com/9ae04766b_is.jpg,每天都在学习,https://www.zhihu.com/people/soluna,soluna
0d99df288b4c7fe2eff8b851cac20807,刘慰,https://pic1.zhimg.com/2276c4ded_is.jpg,教师,https://www.zhihu.com/people/ningboliuwei,ningboliuwei
f734d335e32eb9c3512e014b6469ac5e,谦卑骑士,https://pic3.zhimg.com/c4d916fe9_is.jpg,吾有敝甲，欲以观中国之政。,https://www.zhihu.com/people/he-yue-xi-17,he-yue-xi-17
cd27584428422da0a569eb753c4710ed,李民生,https://pic2.zhimg.com/v2-a9bd1c4081af4cb273c3ad41c36e9f98_is.jpg,百京市民，英雄好汉，首席浪蜜，，，,https://www.zhihu.com/people/gu-zhi-15-32-61,gu-zhi-15-32-61
350c3a7f3f6145f484897518ea5ea9c2,松浦文哉,https://pic4.zhimg.com/v2-7944ed443e9a9308f6365e6211149918_is.jpg,B站知名up主,https://www.zhihu.com/people/song-pu-wen-zai-3,song-pu-wen-zai-3
d3324829727cd9952f274e89bdd0a6a9,张不同,https://pic2.zhimg.com/v2-a805550271048854c8794e3c616cd89a_is.jpg,公共与政府事务专家,https://www.zhihu.com/people/mopjack,mopjack
3cdedebcc647cec5cfc191b543bb11a1,陈不为,https://pic4.zhimg.com/b5ebc36bfeb2cee13d51c7cbb78815ed_is.jpg,微信公众号：大小千（lokadhatu）,https://www.zhihu.com/people/chen-bu-wei-vincent,chen-bu-wei-vincent
cd04cf17e222ffe5b52012b7e61c52c6,尔冬,https://pic3.zhimg.com/v2-3688b4280d75e4fea4aaeaf9159f295c_is.jpg,,https://www.zhihu.com/people/chen-qi-1-30,chen-qi-1-30
6abc3dfbc2e5af8b11983e70f09ea804,小糖糖,https://pic3.zhimg.com/v2-39113d3cdf5b5bb2556b5eb8dee3028f_is.jpg,我是老派互联网使用者。对我来说，这就是个账号。,https://www.zhihu.com/people/veritata,veritata
09d590e187c36e3ccb19793801046330,步亭先生,https://pic1.zhimg.com/470a7c49bd5b448160f881615adca8bf_is.jpg,,https://www.zhihu.com/people/bu-ting-xian-sheng,bu-ting-xian-sheng
1209462286848180a290c2f10e0a0667,花子1号,https://pic1.zhimg.com/v2-ee02f4a1d6ce4125df12ac008b304c00_is.jpg,高中学生,https://www.zhihu.com/people/zhou-li-hua-64-68,zhou-li-hua-64-68
9b49bdfa3da36919ce1374cdaa315867,潘建龙,https://pic2.zhimg.com/v2-a2115d8139ab3cd33bcabf8069a7209e_is.jpg,生命科学和相声曲艺,https://www.zhihu.com/people/yang-jing-bo-61,yang-jing-bo-61
ba239a3bb6c4025957b073c80211a31e,猫神,https://pic4.zhimg.com/da8e974dc_is.jpg,低端猫口,https://www.zhihu.com/people/yi-youji-61,yi-youji-61
8845b7d6474bda50ec57a02a85f62b2c,李东东,https://pic4.zhimg.com/v2-1a49067886dc70acd51f3dac057806c9_is.jpg,一枚既酷又有趣的姑凉,https://www.zhihu.com/people/lidongdong121,lidongdong121
5f65eacba4ae2a5c4c2ea49ce48742c7,Stella Mo,https://pic2.zhimg.com/v2-a065c71dca075ad2aead4d8b2f39e363_is.jpg,硝烟中的CPA,https://www.zhihu.com/people/stellamo-92,stellamo-92
7936c060fb48e649d1b91d327b692ce7,卓米啊,https://pic1.zhimg.com/v2-0f10549c3c943f3e03acb0baa0279207_is.jpg,一个试图打破各种信息不对称的人。,https://www.zhihu.com/people/zhuomia,zhuomia
c1918cfa1c24048d10550678621d873b,江卓尔,https://pic3.zhimg.com/v2-a3ce43cd98773ff5eedeba090a821536_is.jpg,,https://www.zhihu.com/people/jiang-zhuo-er,jiang-zhuo-er
21df7fd8bb8d91a0ce549e17045ec51a,刘杰,https://pic3.zhimg.com/aaa02e2cbf37f14d5ab4a2d5977275a0_is.jpg,量化交易员,https://www.zhihu.com/people/a-ke-50,a-ke-50
11401edc1b31552b876e0062e87f095c,BrownianMotion,https://pic2.zhimg.com/v2-f836aaceeaa19914eed0ba2ce950a68d_is.jpg,,https://www.zhihu.com/people/xie-dong-12,xie-dong-12
d4a74f44e91854592356406a37a5f090,Edward.Fu,https://pic3.zhimg.com/v2-59c3a36d72c7e6d22db1b853d4dce6dd_is.jpg,"quant,业余德扑玩家",https://www.zhihu.com/people/edward-fu-91,edward-fu-91
704c30d0a7288e0854953817898e30af,罗大佑,https://pic2.zhimg.com/v2-37e5ceb081c84020987e54c462e00d0a_is.jpg,哼歌唱曲的大伯,https://www.zhihu.com/people/luo-da-you-41-37,luo-da-you-41-37
b663b47be0d6885714eb644ca8c6db03,LI路遥,https://pic2.zhimg.com/v2-4980ab592d48528fe3db1c40e69ad458_is.jpg,脑洞妹，其实我是卖安利的...,https://www.zhihu.com/people/yaoyuanlu123,yaoyuanlu123
50eadc50a0c1636aeaaad29e2b35c4b0,徐易容,https://pic1.zhimg.com/v2-ef84f3d22f2b42f1fd8c477527ac29ed_is.jpg,V.O/1.0 创始人，HIGO 创始人，美丽说创始人,https://www.zhihu.com/people/xu-yi-rong,xu-yi-rong
82b13ac65744893ddf95c9dbbd0c1ed1,好奇心研究所,https://pic1.zhimg.com/v2-da98eb4590effda00193c8e938df53ee_is.jpg,为你提供一个不被陈词滥调蒙蔽的世界。,https://www.zhihu.com/people/hao-qi-xin-yan-jiu-suo-58,hao-qi-xin-yan-jiu-suo-58
fc1e8ef4a24b7220a62f53e26c0a951e,天眼查,https://pic3.zhimg.com/v2-4cdfb632e2836402ad3e63ae2e660ee9_is.jpg,公平看清世界,https://www.zhihu.com/people/tian-yan-cha-40,tian-yan-cha-40
97184112a04b9ff8275432b4214e2e93,已废弃,https://pic4.zhimg.com/da8e974dc_is.jpg,交互设计师,https://www.zhihu.com/people/xia-bing-ying,xia-bing-ying
d31ed940fa6e81315b85dae29dbd1ba8,夏元鼎,https://pic1.zhimg.com/6d71ef29d9e68a66f41b0944fc5514eb_is.jpg,微博：夏夏夏元鼎,https://www.zhihu.com/people/xia-yuan-ding,xia-yuan-ding
ca205aabe54d34409caf73e868d9686b,小辛Zing,https://pic4.zhimg.com/v2-5bd0fb029eb93211454c24561523b96a_is.jpg,《小辛的旅行厨房》 全网发售 公众号zingfood,https://www.zhihu.com/people/zingfood,zingfood
7c575cc3f0ebd9fb0347cd09abcd12ba,Woody,https://pic3.zhimg.com/8d8c77e6f825dba983a09a91b60b9042_is.jpg,业余厨子,https://www.zhihu.com/people/homcookwoody,homcookwoody
4956dc0dd364000e254de4a66092b8c4,麦烧同学,https://pic4.zhimg.com/v2-91e769d915427f1acce42cf842da0b86_is.jpg,负能量满满的,https://www.zhihu.com/people/maishaoshao,maishaoshao
119808872f77a13935e3b8ca72e96995,杀少女的鹌鹑酱,https://pic2.zhimg.com/v2-f68470cffae3fb2ed14c4bd8db4f0eff_is.jpg,一人两狗不太温和,https://www.zhihu.com/people/kiwihan726,kiwihan726
4cc83c590d2f3725bbb2de881a3f9b51,林,https://pic1.zhimg.com/v2-103ee46234b5e3cde9aa6f2e3b906bde_is.jpg,v19971590306,https://www.zhihu.com/people/lin-chen-chen-87-91,lin-chen-chen-87-91
8fbae5647021ec9adb81f75816b08d0f,孙老师RickSun,https://pic1.zhimg.com/v2-dc3db43da127e56ae56f25cc54fac823_is.jpg,Google资深工程师/无人驾驶车专家,https://www.zhihu.com/people/sun-lao-shi-ricksun,sun-lao-shi-ricksun
ec07a2470b5c0cca85aca9b9ff91aa27,suvdemo,https://pic2.zhimg.com/v2-fe40f86f804ee3786ab831702e9a8320_is.jpg,放荡不羁,https://www.zhihu.com/people/shaynejie,shaynejie
1f905fdef7682fb81fa6cf3a18f06dbe,萨沙,https://pic2.zhimg.com/v2-62b7407426851b4e940cc4016aee3a97_is.jpg,资深中国近代军事历史作家,https://www.zhihu.com/people/sa-sha-79-75,sa-sha-79-75
aeb6782aedbbcd8498a61c3c581439f2,符有地,https://pic3.zhimg.com/v2-e57e18be52d6a180c8c0f1b3b2b55862_is.jpg,政法系,https://www.zhihu.com/people/fu-you-di-33,fu-you-di-33
ec86199a2128ed32caccc06aaa7cffff,吴天微,https://pic1.zhimg.com/fea9e7d4b_is.jpg,吐槽病毒感染者，人类玻璃心伤害委员会委员,https://www.zhihu.com/people/Trevor-Woo,Trevor-Woo
17b5a5ffc662df96a037fa88c975e4f6,token胡依林,https://pic1.zhimg.com/be5aa0fdd3ba18710aa3a1cf9054b090_is.jpg,一个有趣的灵魂.,https://www.zhihu.com/people/tokenhu,tokenhu
e39529f11afde94b610767a5e496bfdc,EV Lab,https://pic2.zhimg.com/v2-940facb65c2c706e9eac09010f10451e_is.jpg,汽车新能源/新技术/未来出行/,https://www.zhihu.com/people/xiaoxueli,xiaoxueli
ef0f01a0bb21607e87674be244d60baa,森兽兽,https://pic1.zhimg.com/93c52898233e16280d2eebb02bfd35d1_is.jpg,微博：@脱脂兽 / 健身房里的一只96年萌兽。,https://www.zhihu.com/people/sen-niu-nai,sen-niu-nai
5b04488d326e7a48c1aa0e756337a9d1,谢幺,https://pic2.zhimg.com/v2-fae8cf1bdae16fa912e6dd6cfd58a954_is.jpg,科技作者，公众号浅黑科技,https://www.zhihu.com/people/x.xll,x.xll
ac3c349283f0310848cc63ed80004177,地青不帅,https://pic2.zhimg.com/v2-227c4956bfa46c8c2f69d537f40cd48e_is.jpg,,https://www.zhihu.com/people/di-qing-bu-shuai,di-qing-bu-shuai
afb2246e71be5b3d92888c0ddeb2bccb,笨虎,https://pic1.zhimg.com/90ccc3802f92462ef04e2c960d8b821b_is.jpg,微信公号「笨虎的录音笔」- 有关财富的小秘密,https://www.zhihu.com/people/ben-hu-90,ben-hu-90
55c4341a4cae0307ec97afd28470b6ce,股市老兵,https://pic2.zhimg.com/v2-790041069d047a0115595f89b8e73479_is.jpg,深入研究财经政策，解析股市投资机会，几十万人关注，欢迎你的加入,https://www.zhihu.com/people/gu-shi-lao-bing-16,gu-shi-lao-bing-16
921602cfb6e599ef57e8153a9b1842e0,babyquant,https://pic1.zhimg.com/v2-715286fb0399f9adb75eb76de8e12e00_is.jpg,期货高频与量化,https://www.zhihu.com/people/babyquant,babyquant
7a2a1273faf8801236da21abddec3f54,Haooo,https://pic4.zhimg.com/0bcdad488e2b3393d0be13e7cfc81e12_is.jpg,HFT,https://www.zhihu.com/people/lihao98722,lihao98722
50259fbd59f2d171233e89d212f817cc,穷游网,https://pic1.zhimg.com/v2-d3f1575f824669502a57247a16f57b30_is.jpg,旅途永无穷尽,https://www.zhihu.com/people/qiong-you-wang-46,qiong-you-wang-46
a999bd1c54afdc81f97bf3e1618ffc47,夏欢Vivian,https://pic4.zhimg.com/v2-53348491b0580f4a3324a55b9c30a323_is.jpg,前云启资本，现在生活在东京,https://www.zhihu.com/people/xia-huan-vivian,xia-huan-vivian
06a67981ced7a2e9f07005185605685c,机器之心,https://pic4.zhimg.com/v2-dd115d399e55c37e3312c8ee4713890e_is.jpg,人工智能信息服务平台,https://www.zhihu.com/people/ji-qi-zhi-xin-65,ji-qi-zhi-xin-65
dc22658ff8a2422fdacfa99b4c79ffb1,Tao0,https://pic2.zhimg.com/caec79a044b684251cbb6d2a22270713_is.jpg,,https://www.zhihu.com/people/taojuntongxue,taojuntongxue
4cd41cd0c052f7002e8adedaf6f124bf,精于设计WhaleDesign,https://pic3.zhimg.com/v2-1c248f827b2d2dd73dc2cd817a5426e7_is.jpg,创意・设计・实现 http://whalesdesign.com,https://www.zhihu.com/people/jing-yu-she-ji-whaledesign,jing-yu-she-ji-whaledesign
feab355ea3960030e1fd144baa51468e,容易视听,https://pic1.zhimg.com/v2-0b2e94a43ca47f0733b2d4be8cb294ce_is.jpg,用内容，让更多人了解专业视听,https://www.zhihu.com/people/rong-yi-shi-ting,rong-yi-shi-ting
434a9b91b677af53e5ffd44754518a5d,丁香园,https://pic1.zhimg.com/v2-240a562a517ad2d5c1cedcdc964b50ea_is.jpg,丁香园，更懂中国医生,https://www.zhihu.com/people/ding-xiang-yuan-3,ding-xiang-yuan-3
37e2d4ed5897f60770a7ed0d0e8a5614,烘焙帮,https://pic2.zhimg.com/v2-44f66e30b31231b8c3de98c024b60212_is.jpg, 公众号：烘焙帮，每天详解一个方子~让烘焙更简单！,https://www.zhihu.com/people/hong-bei-bang,hong-bei-bang
a366f390886db7606acb004c957d80e3,好姑娘老妖,https://pic1.zhimg.com/v2-0f9517768081b815d16b628c2a7e7157_is.jpg,公众号@好姑娘光芒万丈,https://www.zhihu.com/people/xupenghuan,xupenghuan
492bacf84c2b43bb4e9d2572d7a1ffb5,草莓皮,https://pic3.zhimg.com/v2-5a67685aae53dcd06e2e7128594d13ca_is.jpg,评论不怎么看，看到私信必回。,https://www.zhihu.com/people/caomeipi,caomeipi
13b892269b7ff792fd566b526efe9115,左岸,https://pic4.zhimg.com/v2-3ab3f1e5842a780b98e894cbd1d1017a_is.jpg,学习爱好者/互联网/阅读/工作狂/健身/ Vainglory,https://www.zhihu.com/people/ma-ke-fang-zhou,ma-ke-fang-zhou
4b78dc1f0a7cc63ab5b5e5c67c1721ce,etesian,https://pic3.zhimg.com/991c736a5_is.jpg,公众号：Etesian,https://www.zhihu.com/people/etesian,etesian
f8112d713a57aa00d66f74d8af341012,古诺亚,https://pic4.zhimg.com/v2-1fc3ba035d2ae5ea351e4b0398bfd6bd_is.jpg,最近在非洲创业，做移动互联网,https://www.zhihu.com/people/noahgu,noahgu
22264084c2ed9363b8ba1f65f4556b46,斯儿,https://pic1.zhimg.com/a96cf4670_is.jpg,咨询顾问 / 骑车 /宅男,https://www.zhihu.com/people/zhan-mu-si-er-72,zhan-mu-si-er-72
f519ff7d3330090571197cd3d5e5ff3e,德约科维奇爱吃药,https://pic4.zhimg.com/da8e974dc_is.jpg,咨询顾问,https://www.zhihu.com/people/de-yue-ke-wei-qi-ai-chi-yao,de-yue-ke-wei-qi-ai-chi-yao
b0ea20794e823f569a2f9e37fddf15ba,章北海Didact,https://pic4.zhimg.com/v2-62a6fec9529244a0811673d31aa44c77_is.jpg,恩爱狗/EVEr/黑暗绝地/科幻迷/ha萨辛/核聚变航天/汉服/大宇航时代/Matrix Revolution,https://www.zhihu.com/people/zhang-bei-hai-didact,zhang-bei-hai-didact
1d1b7f7b7c4a31ab724bc890e13d6edf,黄觉,https://pic1.zhimg.com/v2-268f78019bc41bd3000761c30419b778_is.jpg,演员,https://www.zhihu.com/people/huang-jue-8-6,huang-jue-8-6
918be853673969b33c053795baed7cb7,周围,https://pic3.zhimg.com/3f555b27fd0654a045969a3a7746d5b4_is.jpg,小屁孩,https://www.zhihu.com/people/da-jin-fa,da-jin-fa
9e9070072f02b72e62dbbc5413adace2,张昕,https://pic4.zhimg.com/v2-f3b45f7e687a25ca058320137dbd4297_is.jpg,发展心理学,https://www.zhihu.com/people/zhang-xin-49-20,zhang-xin-49-20
322a2c2c06d13e0769cfcbb681bd17cf,Nature自然科研,https://pic3.zhimg.com/v2-9a93f632b1903c1839311e2323b46efe_is.jpg,思想常新者以自然为其可靠之依据,https://www.zhihu.com/people/naturezi-ran-ke-yan,naturezi-ran-ke-yan
6cb8785deb0c0f90d4c8960ad906032a,梦里花落知多少sx,https://pic3.zhimg.com/v2-4b109ebb57973b2a614363b57ba8741b_is.jpg,会计在读,https://www.zhihu.com/people/sun-xiao-3-56-54,sun-xiao-3-56-54
c440ee294c30bca74c857394e4b2bdc4,魏玮,https://pic2.zhimg.com/eda6f46ab_is.jpg,丁香诊所内科医生,https://www.zhihu.com/people/eric_v,eric_v
48471678368fb506a75b4831dfef6296,里昂教授,https://pic4.zhimg.com/v2-85945133604c8798dfc916666de5b915_is.jpg,,https://www.zhihu.com/people/yiwei-yi-hang-41,yiwei-yi-hang-41
941da2cf9fbbfa9fe076a3b58e117f96,胡仙君,https://pic1.zhimg.com/v2-c39b43e67cc633274bfd08b294b24e42_is.jpg,千年贡酒稻花香,https://www.zhihu.com/people/hu-xian-jun-80,hu-xian-jun-80
635187eb936df0c48fdaa20a23c052a6,伍治坚,https://pic3.zhimg.com/v2-810e40bd03df759f23a2cbf7869ee53d_is.jpg,微信公众号: 伍治坚证据主义,https://www.zhihu.com/people/wuzhijiansingapore,wuzhijiansingapore
3a1c3b697a099aed354469e63fc60897,刘忠正,https://pic2.zhimg.com/8ffb4f9c15236cdda30a1478c80848f3_is.jpg,一只在阿里抢过月饼的鹅厂程序猿,https://www.zhihu.com/people/liu-zhong-zheng,liu-zhong-zheng
182d7f074f77c5797d82e5bf644d8328,active,https://pic1.zhimg.com/v2-80879484de60076f99180d6055a4c3da_is.jpg,CFDer,https://www.zhihu.com/people/cshe-xian,cshe-xian
1a38a8be2ff7e31bff3c3b1fb1ec7ded,任性的设计师,https://pic1.zhimg.com/v2-e789438118766778fcdf3fcacd3d8b51_is.jpg,少数时间很正经，多数时间很逗比的几个人。开了个公众号，可搜：renxingdesigner,https://www.zhihu.com/people/ren-xing-she-ji-shi,ren-xing-she-ji-shi
782e9f549534efb6b09d71b26385f880,女木水,https://pic4.zhimg.com/c02176be771ede0e12ad91c43080b1db_is.jpg,性别、性向问题研究者,https://www.zhihu.com/people/feminism,feminism
f8f07d295e29d5d4a777b94606e83c97,蒋晖,https://pic2.zhimg.com/v2-cf51141a3d6a26d8a252270109e8a802_is.jpg,加我微信7283067，送我写的书《如何做好淘宝》电子版,https://www.zhihu.com/people/jantie99,jantie99
642e40fd8c4dcac56f20b3863e50d746,孙志超,https://pic1.zhimg.com/v2-c4ea404e8cf5c0d3d1cc6e9c1e4c9030_is.jpg,一切都写进了知乎个人详细资料,https://www.zhihu.com/people/edtall,edtall
007cd7f6f55f05991b1251383a783348,小熊电器,https://pic4.zhimg.com/v2-f611b88f1c7fcb2bc8e26ce7510f8278_is.jpg,小熊电器,https://www.zhihu.com/people/xiao-xiong-dian-qi,xiao-xiong-dian-qi
600c856e5e5d5cb6a923d25a15682bc8,HCVcure,https://pic1.zhimg.com/v2-26f10120cdd0e269fd566cf3fd75000b_is.jpg,医学博士，医生，就职于北京大学某附属医院。,https://www.zhihu.com/people/hcvcure,hcvcure
898e124995edfb74a053b41df7d7789c,老曲,https://pic4.zhimg.com/v2-1c60d0bcf6062d9cbcf21c149cfdda76_is.jpg,专注户型功能设计/装修干货在微信公众号：居住进化,https://www.zhihu.com/people/qu-jie-fang-shi,qu-jie-fang-shi
1226dd3baa23701c8bb28f60e6904a7e,邹昕,https://pic3.zhimg.com/51c584fb0918672b70d03e5b32619cbd_is.jpg,互联网数据分析,https://www.zhihu.com/people/xin_zou,xin_zou
98c91d33ae218777a4ed015584666989,姜羽扬,https://pic2.zhimg.com/v2-07dba4d8fe091026aa1ddbe49732c39e_is.jpg,,https://www.zhihu.com/people/yuyangjiang,yuyangjiang
11109b1e1169630906d7c316797f9b5e,Yuki 顾雪,https://pic3.zhimg.com/v2-bf5f9901e117504920dca8aca09103f9_is.jpg,会把你丢过来的砖头建成房子的人。,https://www.zhihu.com/people/yuki-52,yuki-52
7a364bda9a8a1dc8b9356d34ac8df88b,虞舜,https://pic4.zhimg.com/v2-e8b58b8f12680c5e92297684e9b2f9c3_is.jpg,知乎战斗机 公众号：tkop520,https://www.zhihu.com/people/yu-shun-94,yu-shun-94
b6e55e508ed3226d29c2fdc4a88d6a28,数人云,https://pic2.zhimg.com/v2-471b6922fe7deefe5c1083a0b9d1b9fc_is.jpg,公众号：dmesos  ,https://www.zhihu.com/people/xiao-shu-42-5,xiao-shu-42-5
e24bc279f5e70b01910b8401ccd35209,Logan Tang,https://pic2.zhimg.com/v2-9323cd20f6e55df89575dd75e4b79cc2_is.jpg,,https://www.zhihu.com/people/tang-xu-dong-57-39,tang-xu-dong-57-39
ddc69db5e1a520829038e727469641e8,旁观者,https://pic1.zhimg.com/b551fac9bf6e7fb056a83ae6ae49f30f_is.jpg,贫贱不能移,https://www.zhihu.com/people/wu-wen-bin-67,wu-wen-bin-67
5802e238c5a7b38d4642fc320ddc2fa5,熊掌拨清波,https://pic3.zhimg.com/9d9fcd8158d4f7ea9839d740a5b3cb1d_is.jpg,,https://www.zhihu.com/people/zhang-chao-85-1,zhang-chao-85-1
6808bf0f275d42432d961d5285dc282f,Richard Xu,https://pic4.zhimg.com/92c892d622d4a92d81871b8817b12d9d_is.jpg,专栏：经济学博士生的日记本,https://www.zhihu.com/people/richard-xu-25,richard-xu-25
b76536ff7ab1c5803f0275ed7140790a,Marek,https://pic4.zhimg.com/e8ac1f67b1d984ce9abdd1e3fa133e75_is.jpg,立大志，做大事,https://www.zhihu.com/people/marek,marek
772bfccd2f751a67f85509b33b9ecd88,傅渥成,https://pic4.zhimg.com/c096f565bad088a2b709d460f066e1dc_is.jpg,统计物理 / 复杂系统 / 生物物理,https://www.zhihu.com/people/fuwocheng,fuwocheng
d70a20114aa8c8b3b17bcf8c9738bdbb,评述员詹俊,https://pic4.zhimg.com/v2-a1e1ea72ea9b49471580a233e866c6b0_is.jpg,体育评述员,https://www.zhihu.com/people/ping-shu-yuan-zhan-jun,ping-shu-yuan-zhan-jun
063c4ec2d2683cdfbed53f3d01ff38dc,罗F杰,https://pic4.zhimg.com/v2-763b724e41c5cea9e83a67713659d798_is.jpg,数学博士,https://www.zhihu.com/people/luo-min-jie,luo-min-jie
eb271ac52f1730cdf0725f627c013f14,中科院之声,https://pic1.zhimg.com/v2-5ddf7637b998c9cfdf072731fc65a6a1_is.jpg,传播科学，服务公众,https://www.zhihu.com/people/zhong-ke-yuan-zhi-sheng,zhong-ke-yuan-zhi-sheng
37d3aec1cd84dbd0a5606f8e909a6af8,张旭,https://pic1.zhimg.com/9b3e0ed22_is.jpg,中二青年也要搞科研！,https://www.zhihu.com/people/zhang-xu-86-29,zhang-xu-86-29
4f4d3a44760a5a14136700a10a046d9a,北溟客,https://pic2.zhimg.com/b5be8cafc_is.jpg,五行缺钱 八字欠扁,https://www.zhihu.com/people/beimingke,beimingke
0846395506a9e5569fcafbbe2e797fff,景晓萌,https://pic3.zhimg.com/f158a4994_is.jpg,宜家风格设计 &amp; 上海/济南宜家代购,https://www.zhihu.com/people/jing-xiao-meng,jing-xiao-meng
2ae1ac9f02bdbc50a1bc188bdf79b181,长岛,https://pic3.zhimg.com/af6f164779cd0cfe5207663547e88d8a_is.jpg,ENTJ 醉心中文的留美学生,https://www.zhihu.com/people/chen-an-chen,chen-an-chen
acbc7836fea7fdc4991d3753c128203f,王兆洋,https://pic3.zhimg.com/v2-67fc4869b3f7b72d94f63d67b86d2ea0_is.jpg,铁道运输/WRC/单车XC,https://www.zhihu.com/people/wang-zhao-yang-20,wang-zhao-yang-20
d1177a317e33f82246c1c11916f85753,黄铁锤,https://pic4.zhimg.com/da8e974dc_is.jpg, 喜欢看书的职业投资人,https://www.zhihu.com/people/huang-tie-chui-9,huang-tie-chui-9
59071c3ab05ebf31114944f3b1a415c8,Wu Dana,https://pic4.zhimg.com/da8e974dc_is.jpg,,https://www.zhihu.com/people/wu-dana,wu-dana
7067678a79c77a7cd178a9a586f192d5,AdBright广告,https://pic2.zhimg.com/v2-afe57f0a8b899fdc8dad67001e5dc65b_is.jpg,AdBright 让广告简单有效,https://www.zhihu.com/people/weadyan-gao,weadyan-gao
0ed4e3bc730faeaae0b21311bd466c86,文包子,https://pic2.zhimg.com/58ec449bf12c81edb9ae9dd8c2c9f549_is.jpg,风一般的双子座,https://www.zhihu.com/people/wen-bao-zi-40,wen-bao-zi-40
08eb4817f3819d0c868b24d3dbea07ea,卫小妖GOGOGO,https://pic2.zhimg.com/v2-2cb424b71f8c1670370c938525dcb280_is.jpg,微博：卫小妖GOGOGO,https://www.zhihu.com/people/xiao-yao-wei-83,xiao-yao-wei-83
e5266ac0b679b08cc9df9e35267cd53d,Jack Sun,https://pic4.zhimg.com/v2-e9b284c43edbe26ea33035ffa995c5d3_is.jpg,数据科学从业者,https://www.zhihu.com/people/jack-sun-48-73,jack-sun-48-73
efb180a5ab4439237b7c13839d6adda0,jjjastronomy,https://pic3.zhimg.com/v2-0d87e5ddd4e5ca3d7c947c5d705e472a_is.jpg,天体物理博士和天文深空摄影发烧友以及上古史爱好者,https://www.zhihu.com/people/jjjstc,jjjstc
ee6d9e03ca0749f336069fdad6f45515,Deja-vu,https://pic4.zhimg.com/v2-68d7e17447cd2a4723a0ba17467ee7cd_is.jpg,健身教练级别的油画家,https://www.zhihu.com/people/deja-vu-62,deja-vu-62
f317a8990991a57eaacda8171a097ad2,玩滑雪,https://pic3.zhimg.com/v2-a80709c0028fb8f71859b16dc1cf8fd9_is.jpg,和你一样的滑雪爱好者~,https://www.zhihu.com/people/xue-ke-jun-14,xue-ke-jun-14
4aef3ae8a8346063ac52c71702beb823,Aurora曙光,https://pic1.zhimg.com/v2-7b1d0dcb891cb4b90afb3b83d7b5525f_is.jpg,微博/哔哩哔哩 id Aurora的世界,https://www.zhihu.com/people/jin-xi-shu-guang,jin-xi-shu-guang
645ac5dca667270e2d77e2f1df502b91,向南飞,https://pic4.zhimg.com/59116158e2f3f77ebb63eec45022b34d_is.jpg,沉迷于竞技性聊天,https://www.zhihu.com/people/xiang-nan-fei-2,xiang-nan-fei-2
0606c7fa306f6da1b7c201136fd50e8a,Iris Zhan,https://pic3.zhimg.com/v2-3d42026de1fa0b3ff773e2a4a4acccc8_is.jpg,,https://www.zhihu.com/people/a-jiao-84-99,a-jiao-84-99
590498a7fe45febc4703af0d1cf2e068,晴空万里,https://pic4.zhimg.com/da8e974dc_is.jpg,,https://www.zhihu.com/people/qing-kong-wan-li-22-68,qing-kong-wan-li-22-68
fbffa9f02eaebb6dade0e96977249700,海那边,https://pic3.zhimg.com/v2-c8cfe7362ff0f7d98fc142a4a6e63cf6_is.jpg,全国最大的 移民和海外房产 互联网平台,https://www.zhihu.com/people/hai-na-bian-yi-min-15,hai-na-bian-yi-min-15
c1dc2f9d25ea6f4ce3bd105509e9dd65,Martin Tan,https://pic4.zhimg.com/da8e974dc_is.jpg,CUHK,https://www.zhihu.com/people/martin-tan-59,martin-tan-59
1cafa6650567c50bdc1e67644c097c5b,苏东,https://pic1.zhimg.com/v2-3df13d59278918d4905b721ed936e57c_is.jpg,,https://www.zhihu.com/people/su-dong-8-45,su-dong-8-45
efb046c46df17f87bdc666a72836dde9,Jiatong Zhong,https://pic2.zhimg.com/9ea65ce4c_is.jpg,经济学博士在读/健身/时间管理爱好者/烹饪学徒,https://www.zhihu.com/people/jiatong-zhong,jiatong-zhong
f17290662ef46583d54d0b0271b98b8d,RexYu,https://pic3.zhimg.com/v2-b972977687866db1c598e4cee0f43c7e_is.jpg,芝加哥大学MACSS硕士在读,https://www.zhihu.com/people/Rexyu,Rexyu
a4725e9510fe7075f2ba7d7c3c0719d9,马健,https://pic4.zhimg.com/v2-2c5a31018d0aa0db55639f608586ffad_is.jpg,,https://www.zhihu.com/people/ma-jian-4-91-31,ma-jian-4-91-31
7405d47422932fd855ddbb9a6a94e7bc,五人儿,https://pic2.zhimg.com/bb224d6fd285554d1041f36f37132d8e_is.jpg,人，男人,https://www.zhihu.com/people/wu-ren-er,wu-ren-er
8501d0ee2914aeabdbf749cc62b63101,袁岚峰,https://pic2.zhimg.com/c40ec7ea6_is.jpg,科技与战略风云学会会长，微博“中科大胡不归”，中国科学技术大学化学博士,https://www.zhihu.com/people/yuan-lan-feng-8,yuan-lan-feng-8
215e24ecb0dd8100239baf62d871c420,科大讯飞,https://pic4.zhimg.com/v2-f351812a7196b5c090fb944ee600e017_is.jpg,,https://www.zhihu.com/people/ke-da-xun-fei,ke-da-xun-fei
ba1c70a90fce11ebd5306122c9c8c899,中国科讯,https://pic3.zhimg.com/v2-b7a2827a9a9686c86b1616ff1dfb1d72_is.jpg,,https://www.zhihu.com/people/zhong-guo-ke-xun,zhong-guo-ke-xun
d664e841e6771ba3917b2c94e3f61575,虎扑篮球,https://pic3.zhimg.com/v2-8a24c259254ea4f0a980a69fbd431ff8_is.jpg,,https://www.zhihu.com/people/hu-pu-lan-qiu-24,hu-pu-lan-qiu-24
cd13e1b19cf8117ff90a7caee8d0e7b3,王劲松,https://pic1.zhimg.com/v2-43d6994d6ade84f3a4b7705a21a90b3f_is.jpg,演别人的故事，过自己的日子。,https://www.zhihu.com/people/wang-jing-song-24-10,wang-jing-song-24-10
333806f1cafe38fb110856f8dd4347fb,李首均,https://pic2.zhimg.com/e30918a17_is.jpg,想成为一个科学家的滑雪爱好者,https://www.zhihu.com/people/li-shou-jun-24,li-shou-jun-24
68cfdddd16b2d9db83a0709e0ab98029,诺坎普的小芋头,https://pic4.zhimg.com/85bf0608853c190f704c2f686ed14a37_is.jpg,建筑或诗人。浪漫与温暖矫情并存。,https://www.zhihu.com/people/will-11,will-11
6db37a91c23ef3fb3ac59b7cc4034178,陈振宇,https://pic3.zhimg.com/465100500_is.jpg,“你瞅啥”？,https://www.zhihu.com/people/zeeny,zeeny
6925321cf5d6e840f42f0758af74dfa6,竹君,https://pic3.zhimg.com/v2-c13959b09fd4440850eac09caa821b8f_is.jpg,认真去爱日子的地球人,https://www.zhihu.com/people/zhujunxie,zhujunxie
55a3da3effb952a76a8586c145fd91d5,skiptomylou,https://pic1.zhimg.com/af233273d_is.jpg,你勇敢点，我长大点。,https://www.zhihu.com/people/skiptomylou,skiptomylou
7f9305976a366af6781f6a2892c9e0bb,Jia,https://pic1.zhimg.com/13feb60b0b1eb13b92a516b4b8619149_is.jpg,公众号：丹麦洗衣房,https://www.zhihu.com/people/jia-8-38,jia-8-38
70e5e0fcb9ccad96403a4cb47fffffb5,当日修,https://pic3.zhimg.com/v2-e6f10c3f1bdaff37fe4cdcb79a7b189b_is.jpg,树立「透明、便捷、安全」有责任心的O2O上门智能设备维修服务新形象,https://www.zhihu.com/people/dang-ri-xiu,dang-ri-xiu
9558cac1a967147f0318fe6b7b1a0f7b,白如冰,https://pic3.zhimg.com/e231cbdea_is.jpg,学问笃实生光辉,https://www.zhihu.com/people/bai-ru-bing-58,bai-ru-bing-58
de7d334044cb513d88dfb54c2ada9e4d,靳伟,https://pic4.zhimg.com/v2-bae4a29df04e6234d4afd58bf123ab46_is.jpg,所有回答均为干货,https://www.zhihu.com/people/jin-wei-37,jin-wei-37
f7e773a956c5dab8d8b5b041abf03476,说盟体育,https://pic1.zhimg.com/v2-00a8c102f0e15523857d5a2d5baf5ef2_is.jpg,,https://www.zhihu.com/people/shuo-meng-ti-yu,shuo-meng-ti-yu
542c76646288ee583d644a83b9e1de2e,纽约媚姐,https://pic3.zhimg.com/v2-c81fe03d6190e8d70aafa53c503b6e8a_is.jpg,性感生活爱好者,https://www.zhihu.com/people/renxingjie,renxingjie
069741dcf2ed0d2bd03c988fe8a6b340,Sophia,https://pic2.zhimg.com/v2-67d8881cd6e39e27ab04a8d7edd4bfc0_is.jpg,公众号搜 : Sophia爱美补习社。普通女生的全方位爱美教科书~,https://www.zhihu.com/people/sophiasophia,sophiasophia
cd483cdee88a84bf169c1c43ff4eb2cc,韩锐,https://pic1.zhimg.com/75ee17b9bdda3cacbcb2a79e289e5019_is.jpg,,https://www.zhihu.com/people/han-rui-101,han-rui-101
a1830c527123b2d711c29930f367e5b9,尹康凯,https://pic3.zhimg.com/7dee0a3eab8dfc2aa0c4be8c655f538a_is.jpg,Linux专业选手，关注智能硬件，IOT/物联网，移动互联,https://www.zhihu.com/people/yin-kang-kai,yin-kang-kai
f99740c683bb3b2ab18ee71100fc396c,戈洛属于泰坦诸神,https://pic2.zhimg.com/f4bb3771bd6e8c3247dde53003b9ffaa_is.jpg,,https://www.zhihu.com/people/shuaishinenz,shuaishinenz
14e2a450dda62414a332243928d5d39f,张晓庆（Marian）,https://pic2.zhimg.com/71abbcb8b_is.jpg,IT民女、桌球控、背包客、金牛座--Marian.,https://www.zhihu.com/people/marianzhang,marianzhang
c4be9b6597811993d5e63820c4247fde,葶苈,https://pic4.zhimg.com/69299f3eb_is.jpg,兴趣颇广，心得全无，,https://www.zhihu.com/people/tinglizi,tinglizi
b4ed2c041f62322ca4a77ba2610743e6,付鹏,https://pic4.zhimg.com/7355c67ff_is.jpg,ML/DL/NLP/推荐系统/计算广告,https://www.zhihu.com/people/menc01,menc01
5c097998ea6507f12dd8c072872ee3b3,tom pareto,https://pic4.zhimg.com/da8e974dc_is.jpg,天气好热,https://www.zhihu.com/people/tom-pareto,tom-pareto
4dbf93964732f2a9e053c3530c2600b5,徐枭涵,https://pic4.zhimg.com/v2-e1b40dd7f27934b261725e5ffc41ab83_is.jpg,傀儡术士,https://www.zhihu.com/people/hao-hao-32-13,hao-hao-32-13
bf7c67dec61828f6628bdf9330eb07e5,JK JK,https://pic3.zhimg.com/318535283_is.jpg,微信公众号：来源与方法,https://www.zhihu.com/people/jk-jk,jk-jk
b72552a5987577235ecaefe62243df14,JackChen,https://pic3.zhimg.com/v2-76096d1de7f68f66d9075b58e74d5897_is.jpg,剥开科学坚果、做一只爱分享、爱学习的PhD。,https://www.zhihu.com/people/esquirrel2020,esquirrel2020
437565df4d9475adb310971dd12ca1c6,一康医疗,https://pic1.zhimg.com/v2-7d05bbb61892209b81218e46ca170298_is.jpg,国内第一家提出智能康复机器人概念的厂家，国内第一家康复机器人自主研发生产的先驱,https://www.zhihu.com/people/yikang-yi-liao,yikang-yi-liao
047fe96e1723e5010c9eb95408659ed5,讯飞输入法,https://pic2.zhimg.com/v2-4dfcec429f656053a1a43fd48832619a_is.jpg,1分钟400字，语音输入带你飞！,https://www.zhihu.com/people/xunfeishurufa,xunfeishurufa
a99f65e6dcc3c9377f4eaefa61aa08d0,华米科技,https://pic1.zhimg.com/v2-4e126c74271460bf0f08366a5e37b348_is.jpg,将人类真实的情感及活动无感地连入互联网,https://www.zhihu.com/people/hua-mi-ke-ji,hua-mi-ke-ji
66f6eee284f6583214ad9855e7520917,标准排名官号,https://pic3.zhimg.com/v2-0d6f9fe304165ceec631c851316b7236_is.jpg,绿色指数专家,https://www.zhihu.com/people/biao-zhun-pai-ming-guan-hao,biao-zhun-pai-ming-guan-hao
c156082fce8fbf3d4ec92e494b1d222b,ViaX科研教育,https://pic3.zhimg.com/v2-13fd8cfa13b589226fc432ba5b7bc5b2_is.jpg,不一定对，但一定能引发你的独立思考 公众号：ViaX科研教育,https://www.zhihu.com/people/viaxke-yan-jia-su-qi,viaxke-yan-jia-su-qi
5be8a8464a99ed6b2627027f2e4c6a35,聚商圈集团,https://pic2.zhimg.com/v2-1853b0323b07fae4bbfff4a0ebc2de90_is.jpg,16万企业家共同选择的转型加速器！,https://www.zhihu.com/people/ju-shang-quan-ji-tuan,ju-shang-quan-ji-tuan
fbd9fd424258accda70479c199f95077,乐呵,https://pic1.zhimg.com/v2-98adea2ba7101da2f00c5c66cbe2e5e3_is.jpg,上了个大学上中专。,https://www.zhihu.com/people/hushiyu,hushiyu
3d8fb65042b3291e8d4f0581dff13e55,Zh Na,https://pic4.zhimg.com/da8e974dc_is.jpg,,https://www.zhihu.com/people/zh-na,zh-na
ef6da61198b3841920a670bb1f186776,皮卡乓,https://pic2.zhimg.com/v2-b6dc8da1603fe20e07e9203b18e32b57_is.jpg,LOL只会女枪/大提琴学弱,https://www.zhihu.com/people/xiao-xiao-hui-11,xiao-xiao-hui-11
33037b675012cd9e58395f26b92502e8,解为见,https://pic3.zhimg.com/v2-d0e361d04b7da471d02fd9cdce9d7d91_is.jpg,北京体育大学康复学、运动训练硕士，咨询微信“15001200163”,https://www.zhihu.com/people/jie-wei-jian-73,jie-wei-jian-73
178a6076ed3f5ce5e25c56e5de9bb681,独立鱼电影,https://pic2.zhimg.com/v2-97bc5d82992265eb1834d5c2ae463c14_is.jpg,电影如此有趣（公众号：独立鱼电影）,https://www.zhihu.com/people/du-li-yu-dian-ying,du-li-yu-dian-ying
f28277654d1096e393b2b6c5be5a2897,诺夫,https://pic2.zhimg.com/1fee6f805_is.jpg,反类人，大隐于“没有帮助”,https://www.zhihu.com/people/nuo-fu,nuo-fu
f4b01c8ab96604d57695e55c049117e9,姚旭,https://pic2.zhimg.com/f83012b4db477887549c9729512fbcd1_is.jpg,,https://www.zhihu.com/people/yaoxu,yaoxu
5c1830ee68198d67f16bb3e8a61192cc,漠寒,https://pic4.zhimg.com/da8e974dc_is.jpg,不会打LOL的足球解说员不是好主持人。,https://www.zhihu.com/people/mo-han-44-55-24,mo-han-44-55-24
c9f0f31dda93d3f714305c349586a0fa,不孤单的北半球,https://pic3.zhimg.com/v2-8d06e06ee23aa63357a81099bd69014f_is.jpg,摄影器材爱好者,https://www.zhihu.com/people/hu-jun-19-92,hu-jun-19-92
c40a500154de3d8a59502137ef3ee615,贼 陈海阳,https://pic4.zhimg.com/77d6d811a2d1f397d7cbf35d9fe470c1_is.jpg,元老院万岁！澳宋海军万岁！,https://www.zhihu.com/people/lou-xia-yipai-hu-yan,lou-xia-yipai-hu-yan
d2cd2658a6d649519db80f5802e804cd,拂柳残声,https://pic1.zhimg.com/559893620_is.jpg,专注互联网技术及算法,https://www.zhihu.com/people/fuliucansheng,fuliucansheng
c046b9fdefecaeb9f1e06dd84c9f683a,修新羽,https://pic4.zhimg.com/v2-d336a31181d53cfe7ca26596edbbecdf_is.jpg,坏了就修,https://www.zhihu.com/people/xiu-xin-yu,xiu-xin-yu
147bf0c743d6aa5ccea428a6f4cc7186,张俊林,https://pic4.zhimg.com/v2-e2f0287f28b654a03136ca1900c92cb5_is.jpg,你所不知道的事,https://www.zhihu.com/people/zhang-jun-lin-76,zhang-jun-lin-76
c7404c7d828ba5b7a23b641bfe2054bb,Naturali 奇点机智,https://pic3.zhimg.com/v2-c841a75adac4574dc984126c83555105_is.jpg,定制体验更好的智能对话系统,https://www.zhihu.com/people/naturali-qi-dian-ji-zhi,naturali-qi-dian-ji-zhi
74e15263e575eb335ef8bdda88982d1d,自在如风,https://pic1.zhimg.com/7bfee5189091b66e0866d25ef32cee35_is.jpg,大概率INFJ,https://www.zhihu.com/people/butterflyatnight,butterflyatnight
2d8183bce6f56f525f093f01db9a4357,chalkit,https://pic1.zhimg.com/98d183353_is.jpg,微博/Telegram：@Chalkit,https://www.zhihu.com/people/chalkit,chalkit
aae53ca821d0d4bb236d35777904e9d4,siyu1992,https://pic2.zhimg.com/v2-b9703843ad29d39516d23189ea3abe2b_is.jpg,NLPer,https://www.zhihu.com/people/15828181406,15828181406
dca2d7d9bf0a59d8dc397d01e5b5799d,忌叔,https://pic3.zhimg.com/7c183bf27_is.jpg,雅鹿山天降伟人，劝分不劝和问题优秀回答者,https://www.zhihu.com/people/gao-zhi-55,gao-zhi-55
be3067c066234dbbdb6779d0ed90cc5d,追忆似水年华,https://pic4.zhimg.com/v2-0eb6a38310ed6b677fd46eac3ba76f9f_is.jpg,,https://www.zhihu.com/people/2015-55-16,2015-55-16
969695b048832cf99674242df9705c45,蜜蜂科技,https://pic1.zhimg.com/v2-996c66c5535c1712d877e621d15cad70_is.jpg,让数据惠泽营销推广。,https://www.zhihu.com/people/mi-feng-ke-ji,mi-feng-ke-ji
39c229258dc847da7a0009b36ab668b4,北京宇田营,https://pic4.zhimg.com/v2-8014c495990ed65492caae1ab40d96e0_is.jpg,将数字化引入公司的产品和服务的核心，创造新的客户价值。,https://www.zhihu.com/people/bei-jing-yu-tian-ying,bei-jing-yu-tian-ying
7b0630cdd9546aaecc96be035b973eb0,天创盛世数码科技,https://pic3.zhimg.com/v2-079a8d9e046a5e5c261dc4d98ca7739a_is.jpg,专注视听应用 创造多彩城市,https://www.zhihu.com/people/ticotian-chuang,ticotian-chuang
ff9e2fe07945a2887a6daf8af2e3f4f6,大匠优品,https://pic4.zhimg.com/v2-e6aa70d83ec12ceafc38167c5ad20fab_is.jpg,生活美学平台,https://www.zhihu.com/people/da-jiang-you-pin-11,da-jiang-you-pin-11
a9a76dbc3fecc444d95f3d0294595f0b,博雅立方,https://pic1.zhimg.com/v2-890a912223d329267b0d4864720ccc22_is.jpg,专注网络推广10年。加微信【biaoshi555】赠送营销干货！,https://www.zhihu.com/people/bo-ya-li-fang-27,bo-ya-li-fang-27
df6a11df973141f9bc046eb0d18b561b,掌阅读书,https://pic4.zhimg.com/v2-542b6b2e6a62efaa10e26fec85564de6_is.jpg,关注我，为你带来关于读书的干货！,https://www.zhihu.com/people/zhang-yue-89-57,zhang-yue-89-57
84f3b94a95f6f3a7faa9882e544f0b35,衫兔班服文化衫定制,https://pic3.zhimg.com/v2-7b472e4fe5099914d4fd14294724f726_is.jpg,衫兔班服专注于中高端T恤定制，12大主题班服文化衫图案素材，20个班号班服设计。,https://www.zhihu.com/people/shan-tu-ban-fu-wen-hua-shan-ding-zhi,shan-tu-ban-fu-wen-hua-shan-ding-zhi
b7a14fd1ee390d7c3636d9490f1ef76f,李奇有运气,https://pic3.zhimg.com/a68dea30fb075f7ae90e04f27e1e9e9d_is.jpg,哈哈哈哈哈哈,https://www.zhihu.com/people/mu-wu-qin-41,mu-wu-qin-41
335edd7dfe933995b9fa83a4dc67b416,胡戈,https://pic3.zhimg.com/6aaae2f13_is.jpg,广告片导演。个人主页及作品：hugev.com,https://www.zhihu.com/people/hu2ge1,hu2ge1
c6cac4d07750f8a638c8427c52fa7417,A-T君,https://pic2.zhimg.com/v2-c74d8dc11ebf91b10036dd918b941557_is.jpg,运动康复/物理治疗,https://www.zhihu.com/people/at-jun,at-jun
5a2d4fcd50062a5a4aa62552fe703a75,剑LQ,https://pic2.zhimg.com/v2-edc67ac82f8a3f0c454b8625957c2f74_is.jpg,不平则鸣。,https://www.zhihu.com/people/SkyKnightX,SkyKnightX
e035c12c7c0382a132dfc8abdd9bd759,hanniman,https://pic1.zhimg.com/v2-41d7c2455a96af99897861e0df9d3322_is.jpg,,https://www.zhihu.com/people/hanniman-2,hanniman-2
55ed08a5906233d8e7a6a44c0da423e6,搜狗语音,https://pic3.zhimg.com/v2-4720c16ca808566453c90e30ee08a780_is.jpg,专注自然交互的语音平台,https://www.zhihu.com/people/sou-gou-yu-yin,sou-gou-yu-yin
7702772e88367047a1ec58bf6699038c,漆鹏,https://pic3.zhimg.com/a006e550d43a81633b75044fbf6e02db_is.jpg,大规模机器学习，推荐系统，DL,https://www.zhihu.com/people/qi-peng-31,qi-peng-31
0cb1e43d7e03dbeeeb451ace4266f87c,卢百万,https://pic2.zhimg.com/6e8c1650f_is.jpg,梦里字谜：大于等于根号10除以根号11。答案是涯。,https://www.zhihu.com/people/lubaiwan,lubaiwan
99540c3229cd7a4d805a2e43c57d9c8f,许桐楷,https://pic4.zhimg.com/7e1c36b18_is.jpg,牙医,https://www.zhihu.com/people/xu-tong-kai,xu-tong-kai
f7c3f29d836211de20d10465d19a553b,网易云,https://pic2.zhimg.com/v2-3fc19732b50ceaa07c9adf5fe78cfd1a_is.jpg,共创云上精彩世界 https://www.163yun.com,https://www.zhihu.com/people/wang-yi-yun-54-1,wang-yi-yun-54-1
3618d5f3be03ea17ec75f3c285cf1a4b,砂糖橘,https://pic1.zhimg.com/v2-6b4903b38d14d78206c81459ebc9508c_is.jpg,嘿嘿嘿,https://www.zhihu.com/people/sha-tang-ju-54,sha-tang-ju-54
740cde3d3ba93d33fc59b31f49b2b03b,李文哲,https://pic4.zhimg.com/4464735818dd7e24ae1d64104559441b_is.jpg,人工智能极客 | www.greedyai.com,https://www.zhihu.com/people/wenzhe-li,wenzhe-li
9c563e7054aae8724d294e1632b71f1a,Roxie H,https://pic3.zhimg.com/69e3cb0e4_is.jpg,时尚策划人／动物伦理学,https://www.zhihu.com/people/roxie-hsieh,roxie-hsieh
e476d1de84291a0eb2e2b28b8816e1f6,人人秀,https://pic3.zhimg.com/v2-4387912c8ab90826b488026bffe665fc_is.jpg,,https://www.zhihu.com/people/ren-ren-xiu-21,ren-ren-xiu-21
cd745a2bd0249b8d95d8ec1b93410e56,中公财经网,https://pic3.zhimg.com/v2-8ccc374d898a45c998283c2d0eadfc1f_is.jpg,关注中公财经，了解更多财会行业讯息~,https://www.zhihu.com/people/zhong-gong-cai-jing-wang,zhong-gong-cai-jing-wang
fc36a86ed7369ebf84e7e33a3a393753,刀豆网络,https://pic4.zhimg.com/v2-a4e14c8038212e3ddd1ec5634eb7ec5b_is.jpg,一站式版权确权、管理、监测、数据、保护和交易平台,https://www.zhihu.com/people/dao-dou-wang-luo,dao-dou-wang-luo
cd12853877ab54a1a603ea8add980749,媒介匣,https://pic4.zhimg.com/v2-279093972d0b3809b9af1a653c4f951a_is.jpg,让营销更简单！小编微信：MJX0109888,https://www.zhihu.com/people/mei-jie-xia-80,mei-jie-xia-80
62f6949e61cdbe1a282b3af617764c92,鹿阿姨说,https://pic4.zhimg.com/v2-ae3e98cd0faecfba80b823ab79761dbb_is.jpg,公众号：鹿阿姨说（ID:luayishuo），资深毒舌博主,https://www.zhihu.com/people/lu-a-yi-shuo,lu-a-yi-shuo
3effcf6549ddddfcd4e505a0cdc4c9c0,玩家生活,https://pic4.zhimg.com/v2-6818a7e48c5acad7aa56a3e114715974_is.jpg,vx公众号：【vidahouse玩家生活】-设计家的无限可能,https://www.zhihu.com/people/wan-jia-sheng-huo,wan-jia-sheng-huo
7bb11411256b100713786e54ebfe5d0e,爱烹牛排,https://pic2.zhimg.com/v2-e8afef48faf0c87d0b6d3c604661e98d_is.jpg,E7KI实图选牛排，批零皆宜，网站：www.e7ki.com,https://www.zhihu.com/people/ai-peng-e7ki,ai-peng-e7ki
16c0129735a749cb2e2a883240621335,达普信软件开发,https://pic2.zhimg.com/v2-675d632fa92f31aa0fb82407e816b1af_is.jpg,深圳达普信提供系统软件开发，app定制，物流/教育/大数据/互联网金融等系统方案,https://www.zhihu.com/people/da-pu-xin-ruan-jian-kai-fa,da-pu-xin-ruan-jian-kai-fa
c610ddce752ca8e71239d06ee1ab8c9c,舜飞科技,https://pic3.zhimg.com/v2-54a1d21caab4dbdb68ed0d23f13bf3b5_is.jpg,做最好的营销技术公司,https://www.zhihu.com/people/shun-fei-ke-ji,shun-fei-ke-ji
a3c716cb4fe0feb85f396f8f702cdf22,Harris-YE,https://pic4.zhimg.com/v2-054f1528b2fe1a4c98996950c021cac2_is.jpg,好好赚钱，天天搞事,https://www.zhihu.com/people/ban-fu-tu-an,ban-fu-tu-an
440876e577bc9391b22ee2e04db078c3,李明威,https://pic3.zhimg.com/v2-c329dc24ef4589300a51466aac775e9d_is.jpg,咨询/面诊/远程指导：我的微信：18956789193,https://www.zhihu.com/people/ming-wei-shuo,ming-wei-shuo
80f6c75e7a6239dc569560c43c659065,钟文,https://pic3.zhimg.com/34ab7290341a5616ef045156ab78972f_is.jpg,"中医骨伤
咨询可在值乎或主页微信",https://www.zhihu.com/people/zhong-wen-40-43,zhong-wen-40-43
af36a2db1dd39ed0b4a1aeed9416b88f,朱王勇,https://pic1.zhimg.com/v2-925c27c3f418060e2d7774d89274486d_is.jpg,,https://www.zhihu.com/people/zhuwangyong,zhuwangyong
400d5d5fced0bb443c84d7eec0672717,张局座,https://pic4.zhimg.com/da8e974dc_is.jpg,,https://www.zhihu.com/people/zhang-ju-zuo-20,zhang-ju-zuo-20
bfd2c170e11d0923562c027d34fb0616,吴小依,https://pic3.zhimg.com/d7795a7d682ef86066d425c2dcead295_is.jpg,前端/程序媛/爱猫/甜点/游戏/动漫/萝莉,https://www.zhihu.com/people/wu-xiao-yi-82,wu-xiao-yi-82
6acc28b9a679a2e1bde5f7c015230d8b,温颖,https://pic4.zhimg.com/11dbcfbf06c1b1bd91a416916073fae4_is.jpg,MARL,https://www.zhihu.com/people/wenying45,wenying45
f16c849f5236b6f3695fde9d67ae3edf,Horizon,https://pic1.zhimg.com/4e370ac9368fb9444802dbf0c44f9914_is.jpg,追求极致，轻易不说完美,https://www.zhihu.com/people/cao-cheng-hua,cao-cheng-hua
440c68fd02f449f010d69c1a6eebdbd4,Tim Pan,https://pic2.zhimg.com/v2-4afdbe16e5d2d6540e731f1ad03b390d_is.jpg,永远是学生/自媒体播客,https://www.zhihu.com/people/mediastorm,mediastorm
a102b2b025501fbc6ec747f7374d7c53,逸川,https://pic1.zhimg.com/a6cf8542b_is.jpg,数字营销 北京时新科技有限公司创始人,https://www.zhihu.com/people/taijigen,taijigen
6037c35c50beefa22de60eef66fe1d12,刘洞宇,https://pic3.zhimg.com/v2-2434cc014aff518ad91ee90095a34401_is.jpg,专栏Neverland。欢迎指教。^_^,https://www.zhihu.com/people/liu-dong-yu-514,liu-dong-yu-514
37543c88ba9565da0388c788518a73f9,职场新手,https://pic4.zhimg.com/v2-eb208ba64f6e6472f50509ca81690655_is.jpg,,https://www.zhihu.com/people/zhi-chang-xin-shou-78,zhi-chang-xin-shou-78
7d314a7a39ac26b128eccfa0fcaed015,joyceshu,https://pic4.zhimg.com/da8e974dc_is.jpg,人工智能应用、推荐,https://www.zhihu.com/people/joyceshu-25,joyceshu-25
ab822a446fa0801eb8bd2af929949b75,王凡,https://pic4.zhimg.com/735c0e8b4c1bb7e7f0b776ade2b1552b_is.jpg,文盲,https://www.zhihu.com/people/wang-fan-56,wang-fan-56
fc7f40820f2946db1b6f36311b8f8df5,保驾护航,https://pic4.zhimg.com/v2-897e01cc0a0a8e0f774738efc3958d82_is.jpg,装修测价：tg.bao315.com/Activity/y/index.html,https://www.zhihu.com/people/bao-jia-hu-hang-70-95,bao-jia-hu-hang-70-95
b399cfae44a692550a187e1928ca7448,企业微信,https://pic4.zhimg.com/v2-060cf6d75e0459f1539a3bb18d199901_is.jpg,让每个企业都有自己的微信,https://www.zhihu.com/people/qi-ye-wei-xin-35,qi-ye-wei-xin-35
1a73d34fd7e9f1cae4e6f83ed3f0690f,小蓝优品,https://pic4.zhimg.com/v2-94a25117996b7526bcd578244d6d0ece_is.jpg,小蓝优品，不卖翻新机,https://www.zhihu.com/people/xiao-lan-you-pin,xiao-lan-you-pin
3ad81cdaa98db9edc4ef44326e9c21bd,有意思的短视频,https://pic1.zhimg.com/v2-e53045c8bee9520b543785f74e4e50f6_is.jpg,自走式80嘴炮,https://www.zhihu.com/people/petrelyang1988,petrelyang1988
f51865958e41fe00c4949c50663a8be5,春雨医生,https://pic4.zhimg.com/v2-b97c7550021b3c2cb33ac096676b0fb0_is.jpg,春雨医生旗下健康媒体，易懂・实用・可靠的健康知识,https://www.zhihu.com/people/chun-yu-yi-sheng,chun-yu-yi-sheng
1f7ca51f86e6777986a7fb28ee71ecac,荟网,https://pic1.zhimg.com/v2-3d0cccae448b13f96aa4131b1bc47605_is.jpg,Amazon--你专注产品 我们专注推广 13428981950 顾晓梅,https://www.zhihu.com/people/hui-wang-8-73,hui-wang-8-73
cc1a7a3eba664f28f97a45fbd742b40f,维他奶豆荚学院,https://pic1.zhimg.com/v2-0f4d7fc186eef10b12029aaf33da9b01_is.jpg,维他奶，豆品世家，源自香港1940,https://www.zhihu.com/people/wei-ta-nai-dou-jia-xue-yuan,wei-ta-nai-dou-jia-xue-yuan
4178a8fec2149c6f6f02c92e3c1255f8,胖青椒,https://pic2.zhimg.com/4afd8d41c695988a03f2b5965c4d9aa3_is.jpg,北中医硕士，师范大学中医药文化青椒一枚。,https://www.zhihu.com/people/wang-qing-feng-69-88,wang-qing-feng-69-88
79c5e630b020633db9d884d27b96635c,大医者,https://pic4.zhimg.com/v2-3666a586aa1edff9c604aa1b9dabc1c6_is.jpg,中医执业医师 正骨针灸  康复训练,https://www.zhihu.com/people/ptji-zhu-guan-jia,ptji-zhu-guan-jia
93e13f813abcf87ecd28556f9c40ef39,山水林海,https://pic4.zhimg.com/da8e974dc_is.jpg,教师,https://www.zhihu.com/people/re-ai-sheng-ming-63,re-ai-sheng-ming-63
001c6591e99d67d8a86db73ba07470f9,南模生物,https://pic4.zhimg.com/v2-b1f04612a75fc634549935459b2f4200_is.jpg,专注模式生物，成就科学价值,https://www.zhihu.com/people/nan-mo-sheng-wu,nan-mo-sheng-wu
99570cfda046f61d332d3d1084361171,CPA个性化辅导研究院,https://pic3.zhimg.com/v2-4879e2352e3027ee95326949906fc40d_is.jpg,高顿考霸教你学注会~,https://www.zhihu.com/people/cpage-xing-hua-fu-dao-yan-jiu-yuan,cpage-xing-hua-fu-dao-yan-jiu-yuan
894b256b630b42d5cbec0e9b99e865a7,陈宣宣,https://pic2.zhimg.com/1dff5ebd6ff530a146590e1a74337355_is.jpg,不会摄影的产品汪不是好运营,https://www.zhihu.com/people/chen_xuan,chen_xuan
2b485d51cd8a31512b9448b3238ac888,兔子,https://pic4.zhimg.com/v2-e4e6663a9fac823b684146913c408d90_is.jpg,混迹美妆业 个人医美类微信公众号：beautifultobe,https://www.zhihu.com/people/tu-zi-60-2-5,tu-zi-60-2-5
ae2e168daf62e57a75fe9bc7ee7a2dcb,赵文权,https://pic4.zhimg.com/da8e974dc_is.jpg,蓝色光标传播集团是定位于为企业和其它组织提供沟通管理。品牌和产品推广的专业机构,https://www.zhihu.com/people/zhao-wen-quan,zhao-wen-quan
640db48f5880bd0c44ed4f74dc2c5260,Mexicofish,https://pic2.zhimg.com/v2-22fd837dea060a8357c4f5509cc00fc6_is.jpg,一切终将过去,https://www.zhihu.com/people/li-bo-lan-34,li-bo-lan-34
65b410e4eb98f327b2fd256197abf915,fly qq,https://pic2.zhimg.com/b34b48936b92f22ae8f4338a3b4d6a7a_is.jpg,微信公众号qRobotics，机器人算法工程师,https://www.zhihu.com/people/fly_qq,fly_qq
d75cda7a7c25951ec846d4d0312d3b1b,卢策吾,https://pic3.zhimg.com/v2-9070ba813a967e738c522dd28ae743d8_is.jpg,计算机视觉，上海交通大学，MIT TR35 （China）,https://www.zhihu.com/people/lu-ce-wu,lu-ce-wu
890be89376b155e5f55fb9930b3293a8,笑虎,https://pic3.zhimg.com/7e0d3077902609cfc42ad84579d7bf61_is.jpg,不想当产品的程序员不是好的数据分析师！,https://www.zhihu.com/people/xianhu,xianhu
2bb370719594077edc8af2c1790a850c,电波bilibili君,https://pic1.zhimg.com/5b1277113e904ca44c34cde5dddef32d_is.jpg,一个不停学习的少年/4k特效直播/健康/娱乐/喜欢聪明帅气的妹子爱朗朗,https://www.zhihu.com/people/misaka0w0,misaka0w0
dc4518c056fc7800f5e42433176166e7,milan盖,https://pic1.zhimg.com/e65ad65676b4b218900e5623191f2670_is.jpg,各平台：milan盖 环游欧亚非拉美中东北极109个国家,https://www.zhihu.com/people/gai-milan,gai-milan
003e873045b92c627b9c5cc7558849de,云端谷雨,https://pic1.zhimg.com/v2-c8004d2c78d114532d882ca65172e757_is.jpg,嘿,https://www.zhihu.com/people/forest-2-71,forest-2-71
9c8ed11dca9b72dff9317b39e5d70905,Zhu Ashen,https://pic1.zhimg.com/10731654b_is.jpg,,https://www.zhihu.com/people/zhu-ashen,zhu-ashen
2343d61afb44b0ab0b5ee322372f2b8c,微信,https://pic1.zhimg.com/v2-3c1a5cbd9288708b738ab79908c7dfe9_is.jpg,,https://www.zhihu.com/people/wei-xin-93-75,wei-xin-93-75
16a7f2d9b3445b42efceeab065ea2ad7,薛定谔的折耳猫,https://pic3.zhimg.com/v2-040b69ecfc2ca51334afda9cd7e45260_is.jpg,,https://www.zhihu.com/people/zhang-li-xia-57-31,zhang-li-xia-57-31
94dbbab786166ee32a6dd7556fe309db,御泥坊,https://pic2.zhimg.com/v2-ba282ad5c43a310dd543d9f4f4bf2620_is.jpg,至纯至净，御美有方,https://www.zhihu.com/people/yu-ni-fang-3,yu-ni-fang-3
bda75dd84b181cae343cb13a6873d609,吴欣,https://pic4.zhimg.com/3fcb458ad_is.jpg,IT,https://www.zhihu.com/people/wu-xin-12-22,wu-xin-12-22
12dd774b498c7d3a7635916220ce599d,Doublex,https://pic3.zhimg.com/v2-cef61944ad8bb5f2312eaa98fad72c91_is.jpg,毒舌评论员,https://www.zhihu.com/people/doublex-23,doublex-23
f8a61af1a9b2e223f7e40d093649cdf4,夏天,https://pic4.zhimg.com/da8e974dc_is.jpg,美食,https://www.zhihu.com/people/xia-tian-73-67-96,xia-tian-73-67-96
c2cce89dfdf7b0a168bc1d6036d1b491,喵喵折App,https://pic4.zhimg.com/v2-b3d0a6dec46c5e71f590bc8adea8f3a6_is.jpg,"私信无法一一回,选购问题可翻阅专栏或下喵喵折APP检索。",https://www.zhihu.com/people/miao-miao-zhe-app-6,miao-miao-zhe-app-6
3a0782c934812763dd4101c896006ebc,amulet cat,https://pic1.zhimg.com/v2-2cd3dd60acb7797be9267ed07e8ba97d_is.jpg,矫情广告狗／伪文艺女青年／恐怖电影粉,https://www.zhihu.com/people/amulet-cat,amulet-cat
cac0a78d1b1f43c00ac8d95d81050cff,骨科医生王明杰,https://pic4.zhimg.com/v2-bd42115b6599c5847a11cf4969c19014_is.jpg,广西中医药大学副教授、副主任医师，专注于骨关节及脊柱损伤疾病,https://www.zhihu.com/people/doctorwangmingjie,doctorwangmingjie
63fe0591f32a1a38f939becf1d8df522,浩然,https://pic1.zhimg.com/v2-41d11e7d2175859c91d6f4223aa83246_is.jpg,中医骨科医生、心理咨询师、催眠师,https://www.zhihu.com/people/hao-ran-79-71,hao-ran-79-71
b3cbe43c591d5ebf8ed5ac30e9e49994,Oliver CHEN,https://pic2.zhimg.com/c0f808833_is.jpg,医学出身，健康为业，展望将来，帮助苍生。,https://www.zhihu.com/people/oliver-chen-96,oliver-chen-96
e21fc675f0c7ac4a85a392ba889a25a5,徐杰,https://pic3.zhimg.com/v2-2ca1a780fd03a8ffc0f3fdd33e206def_is.jpg,德国（Schroth）脊柱侧弯治疗师，功能性训练、街头健身、攀岩、走扁带。,https://www.zhihu.com/people/xu-jie-82-92,xu-jie-82-92
4353b4196f9f5fee22262cab47419e5f,罗炜,https://pic4.zhimg.com/v2-a1b08b1cfc2266c8e6b66dff1e5ba3d8_is.jpg,世卫组织康复中心副总监，中大附一副教授，WELL健康创始人,https://www.zhihu.com/people/luo-wei-liang-27,luo-wei-liang-27
6697ee320078bf9b4ca5b9b463ce2ea3,马格,https://pic4.zhimg.com/v2-f7a04b1b91c9ae9eb53671da0bf3c3d0_is.jpg,蠕虫和家禽请自觉滚开谢谢,https://www.zhihu.com/people/ma-ge-99-34,ma-ge-99-34
52586b87fe2e07473eeea8a63a6e12fa,李凤台,https://pic2.zhimg.com/v2-afce1f489b2d394bd6e9c92415d6c88e_is.jpg,It&#39;s a long story...,https://www.zhihu.com/people/li-feng-tai-87-50,li-feng-tai-87-50
b83b070f05b84a66a69ee1f02caee4fd,浩月,https://pic1.zhimg.com/9cceea7d589a7415cec945f8449bbbf1_is.jpg,百无一用是书生,https://www.zhihu.com/people/darid-darid-69,darid-darid-69
bb63846b5cab30481471a49b38fb7c6b,华天清,https://pic2.zhimg.com/b0f7d9e911bf16f0cb69280cb88524a5_is.jpg,网络爬虫 www.GooSeeker.com 创始人，数据挖掘和数据获取社区运营,https://www.zhihu.com/people/hua-tian-qing,hua-tian-qing
7e3f67238037c1ad5866f3cc823269ef,江振兴,https://pic2.zhimg.com/af56907dd_is.jpg,,https://www.zhihu.com/people/jiangzhx,jiangzhx
84a17d8a9db70159bbbe5fb697473df5,Ms.JessieZhang,https://pic1.zhimg.com/6915284cc261db2f7cdd6894065500e0_is.jpg,始于好奇，行于热爱，止于终老。,https://www.zhihu.com/people/mu-tou-guo-zi,mu-tou-guo-zi
fff650fb480e6d60f5f20c2a5f8925ae,颜如玉,https://pic1.zhimg.com/v2-66ed1cc590f6bb91df743ccc98ee53ee_is.jpg,托雅/翻译培训。微信：fishmacau。,https://www.zhihu.com/people/fishmacau,fishmacau
adbde83dcf043d4469656b451d07a2c2,海谅,https://pic4.zhimg.com/v2-a5089efdd88712b76643dec19f9e98dc_is.jpg,感恩,https://www.zhihu.com/people/hai-liang-35-17,hai-liang-35-17
aa94574c0dac420d7aa72458455f2155,李季,https://pic4.zhimg.com/fc981fdf4_is.jpg,我并不知道自己是一个什么样的人，不知道自己将走向哪里，但是来到这个美丽的世界，我会尽自己最大的努力去寻找到自己。,https://www.zhihu.com/people/watterfall,watterfall
778d7a4b371dd07461bf5193fd9d7bf6,Tony Soup,https://pic3.zhimg.com/v2-99b2a8a9ab68ce8d4eb10eeb5e991ff6_is.jpg,地质工作者,https://www.zhihu.com/people/close-tony,close-tony
8769d4cfac1d973af254b2c56e8592cf,无往,https://pic1.zhimg.com/9383f4d137e1d7be6a1dbddfe4eecdad_is.jpg,内向小瘦子,https://www.zhihu.com/people/wuwang,wuwang
926cf932fa6a18c58eea501d4b92292a,笙箫,https://pic4.zhimg.com/da8e974dc_is.jpg,,https://www.zhihu.com/people/zhang-yu-xiao-76-35,zhang-yu-xiao-76-35
d073f194bcabc1cec5ef69d0b534de99,已注销,https://pic1.zhimg.com/v2-0b247acff52bc45ffe111c3b105785fa_is.jpg,号已经停用，请勿私信。,https://www.zhihu.com/people/wuye9036,wuye9036
54ec232097b595f86a58953d2c54e761,别吓着小孩儿,https://pic2.zhimg.com/v2-a2f4ca616f3bc1d91b1aa711053a195a_is.jpg,肚里没墨水的学渣,https://www.zhihu.com/people/jiang-er-dong-55,jiang-er-dong-55
65c6ab92ee29f9711644dcafb0a96cb8,will,https://pic2.zhimg.com/01369d966b37d9dd750c7288edc35afc_is.jpg,。,https://www.zhihu.com/people/hbutliuqiong,hbutliuqiong
d0080fb10011970e591d7f9804965bdb,翁楷,https://pic3.zhimg.com/2d7504c93e345ba5284cc2993d0aed11_is.jpg,影视是遗憾的艺术,https://www.zhihu.com/people/weng-kai-12,weng-kai-12
0a62ccf5281bc4596e59a8d453af6c72,股客张茗,https://pic2.zhimg.com/v2-f24a1fa1aa093ffe84b2c22106dec61a_is.jpg,同你一起抓住股市风云变化，微信：ZL601857,https://www.zhihu.com/people/gu-ke-zhang-ming,gu-ke-zhang-ming
7d307cb91d4b14d6100279c5e18d62d8,诗遥一妈,https://pic2.zhimg.com/v2-a7c6900218f8352028fc4c8e9b1b9aa8_is.jpg,公众号：一妈育儿（ID:yimayuer),https://www.zhihu.com/people/shiyaoyima,shiyaoyima
88f3f8ecfa0c8b777adcd63e50885f83,阿尔托莉雅,https://pic3.zhimg.com/v2-7c94b473ab4f999154a335e5f3c8d545_is.jpg,,https://www.zhihu.com/people/DolbyWang,DolbyWang
5a08d0354c0fbdcdfd552f070882b72b,这是秘密,https://pic2.zhimg.com/v2-f6018fff58c532db7937bdaa4cd945ee_is.jpg,设计师,https://www.zhihu.com/people/li-hao-49-89-30,li-hao-49-89-30
66f5d91ab86db2353a4a230e6efa87d9,高顿ACCA,https://pic3.zhimg.com/v2-48bc15a08b8b23caa8b324d560b7f9c8_is.jpg,"ACCA白金级教育合作伙伴,咨询加微信ACCAmengyue",https://www.zhihu.com/people/gao-dun-cai-jing-acca,gao-dun-cai-jing-acca
b756d966741fdaf0ea1d4942aece83b9,张十三,https://pic2.zhimg.com/v2-250029716e11d4402bea21125b803e0e_is.jpg,健康知识科普丨健康意识唤醒丨健康习惯养成,https://www.zhihu.com/people/di-di-74-56-4,di-di-74-56-4
77e5939249615e1384e0a1b459d5e392,吾食吾味,https://pic3.zhimg.com/v2-a54386210639804f98e50368b30c199d_is.jpg,美食爱好者,https://www.zhihu.com/people/wu-shi-wu-wei-39,wu-shi-wu-wei-39
